_id,Dimensiones del producto,Potencia nominal de la bateria,precio_actual,precio_anterior,Capacidad de almacenamiento digital,Marca,Sistema operativo,Tamano de la pantalla,Tipo de pantalla,Ano del modelo,Memoria RAM
B0CCW32ZH2,"16 x 0,8 x 7,2 cm; 170 g",5000.0,230.0,399.0,,,,,oled,,12.0
B0DRD2J39F,"0,82 x 7,66 x 16,33 cm; 200 g",5500.0,159.34,167.37,,xiaomi,android 12.0,6.67,amoled,,6.0
B0D2L42BX9,,5500.0,378.9,549.99,,,,,,,8.0
B0DKT15QW9,"16,68 x 7,75 x 0,87 cm; 199 g",5150.0,99.99,999.99,,oukitel,android 14 smartphone,6.67,lcd,2025.0,16.0
B0D5DF24YP,"16,14 x 7,41 x 0,75 cm; 178 g",3600.0,292.19,499.99,,,,,amoled,,
B0DBZJWRFY,,10100.0,369.99,379.99,20.0,doogee,android 14,6.72,lcd,2024.0,32.0
B0DH24HBNF,"9,02 x 4,75 x 1,26 cm; 137 g",900.0,49.99,499.99,,joyzap,android 9.0,3.0,lcd,2024.0,2.0
B0CTHYFRHH,,5000.0,245.73,245.73,,,,,,,8.0
B0DJD3S5GQ,,6000.0,798.9,999.99,,,,,,,
B0DL4831YZ,"0,82 x 7,78 x 17,19 cm; 200 g",18.0,107.98,122.44,,xiaomi,android 14,6.88,lcd,2024.0,8.0
B0D5292XN3,,33.0,141.75,182.0,,,,,lcd,,8.0
B0DBQVF8DR,"16,57 x 7,6 x 0,8 cm; 390 g",6000.0,139.0,1299.0,,vivo,"funtouch os 14, android 14",6.68,lcd,2024.0,4.0
B0CQYMCG9R,"16,11 x 7,49 x 0,8 cm; 179 g",5000.0,200.86,200.86,,,,,amoled,,12.0
B0DPXN3YHT,,4900.0,1159.0,1199.0,,,,,,,
B0CPXX34K2,15 x 12 x 1 cm; 500 g,5000.0,260.0,329.3,,xiaomi,android 10.0,6.67,amoled,2024.0,12.0
B0D5HDXPP6,,5150.0,189.99,149.99,,oukitel,telefono movil android 14,6.8,lcd,2024.0,24.0
B0DFGTKDH4,"16,57 x 7,6 x 0,77 cm; 200 g",5100.0,144.0,149.0,,,,,lcd,,
B0DR8LQPJT,"7,58 x 0,86 x 16,38 cm; 186 g",5150.0,119.99,239.99,256.0,doogee,android 14,6.56,lcd,2024.0,6.0
B08QXG6Y6F,16 x 4 x 2 cm; 301 g,4000.0,349.0,369.99,,,,,amoled,,8.0
B0D8QQ895Q,"16,57 x 7,6 x 0,8 cm; 380 g",6000.0,169.0,569.99,,vivo,"funtouch os 14, android 14",6.68,lcd,2024.0,8.0
B0D9BKY2K8,,5150.0,199.99,209.99,256.0,doogee,android 14,6.56,lcd,2024.0,16.0
B0D83FB1PX,"7,5 x 8 x 16,1 cm; 500 g",5000.0,430.0,523.33,,xiaomi,android,6.67,amoled,2024.0,12.0
B0D5YN35XL,"8 x 1,07 x 17,27 cm; 240 g",5150.0,149.99,209.99,256.0,doogee,android 14,6.56,lcd,2024.0,16.0
B0DJVSDCYB,,15000.0,209.99,,256.0,blackview,android 14,6.67,lcd,2025.0,18.0
B082TDHDCJ,"10,9 x 5,8 x 1,9 cm; 108 g",800.0,49.99,569.99,,,,,,,
B0DPXMMZ84,,5000.0,1819.0,1199.0,,,,,,,
B09QH3JT6P,"7,47 x 0,81 x 15,95 cm; 190 g",5000.0,283.0,449.0,,,,,superamoled,,6.0
B0DPXMWQ7R,,4900.0,1279.0,999.99,,,,,,,
B0CR1F2812,"17,7 x 9 x 6 cm; 500 g",5000.0,191.0,216.94,,,,,amoled,,12.0
B0D6W5ZX8P,"0,75 x 7,47 x 16,16 cm; 434 g",5.0,249.0,249.0,256.0,oppo,android,6.7,oled,2024.0,8.0
B0CPT9XDS7,"16,22 x 7,55 x 0,8 cm; 188,5 g",5000.0,155.0,159.0,,,,,amoled,,8.0
B0DBLX4FTT,"16,7 x 7,7 x 0,79 cm; 189 g",5000.0,106.24,124.99,1024.0,umidigi,android 14,6.75,lcd,2024.0,4.0
B0DNN24TM3,"8,12 x 1,58 x 17,4 cm; 326 g",10300.0,199.99,279.99,,doogee,android 14,6.56,lcd,2023.0,20.0
B0CJ9QRVT7,,5000.0,149.99,,,,,,,,6.0
B0CFTZLRJK,"16,37 x 7,54 x 0,92 cm; 199 g",5150.0,119.99,999.99,,oukitel,android 14,6.56,lcd,2023.0,12.0
B0DD7QC4ZS,6 x 20 x 28 cm; 269 g,15500.0,229.99,289.99,256.0,doogee,android 14,6.56,lcd,2024.0,20.0
B0DCS7M6DQ,"8,11 x 16,6 x 1,5 cm; 290 g",6300.0,109.99,129.99,,oukitel,android 14 movil resistente,6.0,lcd,2024.0,16.0
B0CMRZJ2R8,20 x 15 x 14 cm; 190 g,5000.0,108.9,127.0,,,,,,,12.0
B0D95YDCV9,,,139.99,999.99,,oukitel,android 14,6.52,lcd,2023.0,256.0
B08HN9BRH6,"15,98 x 7,45 x 0,84 cm; 193 g",4500.0,299.0,759.0,,,,,amoled,,6.0
B0CPLLJ367,,5200.0,225.0,999.99,,honor,android 13.0,6.78,amoled,2024.0,8.0
B0DNN167DQ,"17,85 x 8,35 x 1,05 cm; 242 g",5500.0,419.99,199.99,,doogee,android 14,6.72,oled,2025.0,32.0
B0D8L91CJT,"17,42 x 8,23 x 1,74 cm; 370 g",10600.0,159.99,,128.0,oukitel,android 14,6.52,lcd,2024.0,16.0
B0DPXMJNV7,,4000.0,969.0,149.99,,,,,,,
B0DG2YDL7Y,"17,26 x 8,12 x 1,28 cm; 268 g",5100.0,123.49,159.99,,cubot,android 14 moviles,6.56,lcd,2024.0,16.0
B0DS21LP9Q,,5110.0,358.38,,,xiaomi,xiaomi hyperos,6.67,amoled,2025.0,12.0
B0CN137WV2,17 x 3 x 8 cm; 195 g,,112.6,115.98,,,,,,,64.0
B09QH71RZR,"7,38 x 0,81 x 15,98 cm; 179 g",5000.0,127.0,165.39,,,,,amoled,,4.0
B0CY8D7L7F,17 x 3 x 9 cm; 320 g,5000.0,247.0,999.99,,,,,,,6.0
B0D63142NK,,6500.0,179.9,149.99,,,,,,,
B0DH2437SY,,5000.0,93.15,123.39,,xiaomi,android 14,6.88,lcd,2024.0,4.0
B0D5R7K46S,,5000.0,499.99,649.0,,,,,amoled,,12.0
B0DRCZ7YL2,,5500.0,183.0,189.0,,xiaomi,android 12.0,6.67,amoled,2025.0,8.0
B0CR1DP99L,"17,7 x 9 x 6 cm; 520 g",5000.0,199.0,313.61,,,,,amoled,,12.0
B0CTHX8WYP,"16,35 x 7,45 x 0,9 cm; 410 g",6000.0,129.0,499.99,8.0,motorola,android 14,6.6,lcd,2024.0,6.0
B0DJ33DQC2,,,417.0,485.76,,xiaomi,android,6.67,amoled,,12.0
B0DK3KZY9C,"16,32 x 7,52 x 0,87 cm; 490 g",5000.0,79.99,89.99,32.0,ulefone,android 14 go,6.56,lcd,2024.0,6.0
B0D9LNR55Z,,5150.0,89.99,569.99,128.0,doogee,android 14,6.56,lcd,2024.0,9.0
B0D8134JH8,"0,9 x 7,9 x 16,2 cm; 222 g",6000.0,211.0,230.51,,samsung,android,6.6,amoled,2024.0,6.0
B0CW363ZFV,"16,4 x 7,44 x 0,74 cm; 30 g",4600.0,269.0,999.99,,vivo,android 13.0,6.78,amoled,2023.0,8.0
B0CNTQGNNM,,10800.0,179.99,379.99,,doogee,android 13.0,6.56,lcd,,256.0
B0B1PTV7ST,"7,34 x 0,85 x 15,53 cm; 153 g",3300.0,99.99,499.99,,,,,,,3.0
B0DKFNHRVQ,"16,48 x 7,56 x 0,87 cm; 193 g",5000.0,199.99,499.99,2.0,oscal,android 14,6.56,lcd,2024.0,8.0
B0CR3YMJWG,18 x 9 x 6 cm; 190 g,5000.0,231.53,1299.0,,,,,amoled,,8.0
B0DRCX34LQ,,5500.0,178.75,149.99,,xiaomi,android 12.0,6.67,amoled,2025.0,8.0
B0CXJDSJJ4,,,76.0,94.27,,xiaomi,android,,,,3.0
B0D383ZXKK,,5000.0,339.99,14.0,,,,,amoled,,
B0DM5J2TP1,,10600.0,139.99,325.99,,oukitel,android 14,6.52,lcd,2024.0,64.0
B0DN153LCY,,5150.0,169.99,999.99,256.0,oukitel,android 14.0 smartphone,6.56,lcd,2025.0,24.0
B0DPF7PXV4,"8,31 x 1,79 x 17,85 cm; 422 g",10800.0,249.99,499.99,,doogee,android 14.0,6.6,lcd,2025.0,512.0
B0CZXTB5M6,,5000.0,153.77,499.99,,,,,,,
B0CYYFJL9D,9 x 4 x 18 cm; 340 g,5000.0,104.78,7.22,,,,,,,
B0C6FDCPB1,"0,82 x 7,63 x 16,86 cm; 198,5 g",5000.0,101.09,108.95,,,,,,,4.0
B0CR16KX25,"16,05 x 7,5 x 0,85 cm; 520 g",5000.0,299.99,12.65,,xiaomi,android 13.0,6.67,amoled,2024.0,12.0
B0CQ28QJNS,,10600.0,189.99,199.99,256.0,cubot,android 13.0,6.52,lcd,2024.0,12.0
B0CMRV3KWB,,5000.0,107.97,136.24,128.0,xiaomi,android,6.74,lcd,2024.0,6.0
B0DLNRXQMV,,5000.0,129.99,,,blackview,android 14,6.56,lcd,2025.0,12.0
B0CWS285P6,,5000.0,89.9,87.0,128.0,xiaomi,android,6.74,,2024.0,4.0
B0DDCGN7QJ,"17,41 x 81,2 x 20,7 cm; 430 g",15500.0,229.98,289.99,256.0,doogee,android 14,6.56,lcd,2024.0,12.0
B0CVQBNH2D,,5000.0,399.0,529.0,,,,,superamoled,,
B0CPPZRQJK,"16,14 x 7,42 x 0,89 cm; 204,8 g",,282.0,449.0,,,,,oled,,8.0
B0CXJDKQXR,,3600.0,74.7,76.93,,,,,,,
B08PCFF5QB,"16,49 x 8,96 x 2,82 cm; 300 g",4.0,326.99,,,,,,oled,,256.0
B0CTHZC9TW,,5000.0,387.99,499.99,,,,,amoled,,12.0
B0DRJR3YRT,"16,2 x 7,5 x 0,86 cm; 500 g",5000.0,488.79,329.99,256.0,realme,android,6.78,amoled,2024.0,12.0
B0CP44JVQF,"4,1 x 1,2 x 6,7 cm; 270 g",3600.0,139.79,1299.0,4.0,samsung,android,6.7,amoled,2024.0,1.0
B0CZTSRXQP,18 x 9 x 4 cm; 200 g,5000.0,229.99,549.0,,,,,amoled,,8.0
B0D8BFFTNW,,5150.0,239.99,209.99,,doogee,android 14,6.56,lcd,2024.0,20.0
B0DFMN3X6C,,5000.0,179.9,179.9,,,,,lcd,,
B0CDGNQH4G,,3000.0,57.99,1299.0,16.0,wrtogo,android 9.0,5.0,lcd,,1.0
B08CH6VKHW,"16,48 x 7,71 x 0,9 cm; 194 g",3600.0,86.89,119.99,,,,,,,2.0
B0DB7HKTMJ,,5000.0,189.0,207.66,,xiaomi,android 13.0,6.67,amoled,2023.0,8.0
B0BSLJNW5G,50 x 50 x 28 cm; 181 g,5000.0,194.99,1299.0,,,,,lcd,,8.0
B0DCBYCTJP,"16,3 x 7,57 x 0,77 cm; 25 g",5000.0,195.07,1199.0,,,,,amoled,,
B0CLQV32XM,"6,2 x 0,9 x 16,42 cm; 184 g",5180.0,119.99,499.99,128.0,blackview,android 13.0,6.5,amoled,2022.0,8.0
B0CNR4XBY7,"10 x 5 x 1,27 cm; 400 g",5000.0,114.0,124.99,,xiaomi,android,6.74,amoled,2023.0,8.0
B0DNK3Y6HK,,5000.0,179.0,199.0,,,,,,,
B0BWYVX9LY,50 x 50 x 28 cm; 195 g,5000.0,195.31,2.69,,,,,lcd,,8.0
B0DGLKLFJB,"8,1 x 1,53 x 17,2 cm; 680 g",11000.0,249.99,259.99,256.0,oukitel,android 14,6.56,ips,2025.0,24.0
B0DHZ437M8,"16,32 x 7,59 x 0,79 cm; 190 g",5000.0,299.0,,256.0,vivo,android 14,6.67,amoled,2024.0,8.0
B0DH22T9X3,,5000.0,92.95,106.94,,xiaomi,android 14,6.88,lcd,2024.0,4.0
B0D929RCTB,,,329.0,,,oppo,,6.7,amoled,2024.0,256.0
B0CVQL4VY3,,5000.0,269.0,379.0,,,,,superamoled,,
B0DRC5MF1N,"0,89 x 7,47 x 16,25 cm; 210 g",5110.0,337.17,479.0,,xiaomi,android 12.0,6.67,amoled,2025.0,8.0
B0DKTJ22QN,"7,79 x 0,79 x 16,44 cm; 200 g",4200.0,148.9,170.0,,samsung,android,6.7,amoled,2024.0,4.0
B0D2DCSTBV,,5000.0,199.9,1299.0,,,,,,,8.0
B0D4SMFD94,,33.0,138.0,199.0,,,,,,,8.0
B0CJYH75VB,,3000.0,169.99,209.99,,doogee,,4.5,lcd,2025.0,8.0
B0BQRVCR5S,"1,5 x 1,09 x 0,1 cm; 200 g",3900.0,633.23,1199.0,,,,,,,8.0
B0DL2MFHX3,,5000.0,159.99,175.0,,realme,android,6.72,lcd,2020.0,8.0
B0DJ33BZFJ,,,410.0,463.0,,xiaomi,android con miui,,amoled,,12.0
B0DM27NK9C,,5100.0,199.0,,,oppo,android,,lcd,2024.0,256.0
B0D8W44V1D,,5200.0,399.0,239.99,,honor,android 13.0,6.7,oled,2024.0,12.0
B0D7TZWD9G,"15,28 x 7,2 x 0,86 cm; 190 g",4650.0,849.0,1099.0,,,,,,,
B0CN3GWSP4,,4500.0,249.0,369.0,,,,,superamoled,,256.0
B0CMM85B7J,"11,6 x 4,93 x 1,3 cm; 128 g",2600.0,119.99,1199.0,,zokoe,android 10.0,4.0,lcd,2023.0,4.0
B0DJ114V4B,"7,79 x 0,79 x 16,44 cm; 200 g",,170.0,177.0,,samsung,android,6.7,amoled,2024.0,4.0
B0D6GNS4KN,"17,27 x 8 x 1,1 cm; 240 g",5150.0,159.99,,128.0,doogee,android 14,6.56,lcd,2025.0,4.0
B07VTP4ZQW,"14,62 x 11,13 x 11,54 cm; 143 g",3600.0,38.49,1199.0,,,,,,,
B0D33KJY93,6 x 3 x 1 cm; 140 g,400.0,39.84,42.0,128.0,pthtechus,"ios, android",,lcd,,1.0
B0DPQPR6B4,"16,24 x 0,82 x 7,62 cm; 454 g",5150.0,260.0,329.99,256.0,oukitel,android 14,6.7,amoled,2025.0,24.0
B0CQ8CN28H,"7,63 x 0,85 x 16,17 cm; 190 g",5000.0,379.0,379.0,,,,,amoled,,12.0
B0DPHCW9W6,"16,7 x 7,67 x 0,78 cm; 187 g",5000.0,97.0,104.99,128.0,realme,android,6.74,lcd,2024.0,4.0
B0D8Y5VQRR,,5100.0,329.99,569.99,256.0,cubot,android 14,6.95,lcd,2024.0,24.0
B0DPXNDX28,,5000.0,1459.0,1459.0,,,,,,,
B09YVLRX8D,"11,2 x 1,4 x 4,5 cm; 74 g",800.0,18.98,21.9,,,,,led,,
B0CVQ86VDB,"10 x 5 x 1,27 cm; 330 g",5000.0,368.99,472.31,,,,,,,
B082MFY8SW,"10,5 x 4,7 x 1,2 cm; 70 g",600.0,19.95,54.98,,oakcastle,android 10.0,1.77,lcd,,32.0
B0CSG93BF7,"16,22 x 7,55 x 0,8 cm; 188,5 g",5000.0,159.98,,256.0,xiaomi,android 13.0,6.67,amoled,2024.0,8.0
B0CV7R71NY,9 x 18 x 2 cm; 200 g,5000.0,187.0,1299.0,,,,,,,
B0D95DY5QR,,3000.0,57.99,199.99,16.0,msmga,android 9.0,5.0,lcd,2024.0,128.0
B0CQ59K8F9,"16 x 7,6 x 1 cm; 163 g",5000.0,155.0,499.99,,samsung,android 14,6.5,amoled,2023.0,4.0
B0BSLKHVH9,50 x 50 x 28 cm; 170 g,5000.0,147.49,229.0,,,,,,,8.0
B0CWS1SL9F,,,89.3,124.57,,,,,,,
B0B5QJT9PK,,67.0,184.99,239.09,256.0,xiaomi,android 12.0,6.55,amoled,,8.0
B0CW94KKMN,"16,37 x 7,54 x 0,81 cm; 186 g",5000.0,99.0,129.0,,vivo,android 13.0,6.56,lcd,2023.0,4.0
B0DHZJW5Z4,,5160.0,108.9,179.9,,xiaomi,android,6.88,lcd,2024.0,8.0
B0CV4KL9HC,"17,5 x 9 x 5,7 cm; 200 g",5000.0,97.0,,,,,,,,
B0D4M1SJY4,,3000.0,56.99,59.99,16.0,msmga,android 9.0,5.0,lcd,,1.0
B07YX526XT,,3100.0,78.89,,64.0,samsung,android,5.9,superamoled,2019.0,4.0
B0CXJBCY77,"15,2 x 7,27 x 0,89 cm; 187 g",4404.0,449.0,609.0,,,,,,,
B0CNQ89WJN,,5000.0,899.0,999.0,,,,,,,256.0
B0D47GS8PW,"16,29 x 7,56 x 0,81 cm; 191 g",5110.0,239.99,329.0,,,,,amoled,,8.0
B0CD3LF5JW,"16 x 7,7 x 1,5 cm; 270 g",6580.0,125.99,569.99,,blackview,android 14,6.1,lcd,2023.0,4.0
B0D4SX2HWQ,"9 x 18,2 x 3,7 cm; 370 g",33.0,121.0,125.78,,,,,lcd,,6.0
B0DMST1TH8,"16,5 x 7,6 x 0,76 cm; 300 g",5000.0,124.99,138.99,256.0,realme,android,6.67,lcd,2024.0,8.0
B0CXJ9XSVZ,"15,2 x 7,27 x 0,89 cm; 187 g",4404.0,399.0,549.0,,,,,,,
B0DLCXF946,,5160.0,131.25,148.9,128.0,xiaomi,android 14,6.88,lcd,2024.0,4.0
B0DJ71YMXR,,5000.0,118.99,999.99,8.0,xiaomi,androide 14,6.88,amoled,2024.0,256.0
B0DH4D1R7R,,,19.99,,,sparkledot,,,,,
B0CPT8SK6H,"16,22 x 7,55 x 0,8 cm; 188 g",5000.0,159.0,249.0,,,,,amoled,,8.0
B0DL48WY7G,,5000.0,109.29,131.96,,xiaomi,android,6.88,lcd,,6.0
B0CNKT2D1G,16 x 2 x 8 cm; 200 g,5000.0,155.0,197.27,,,,,superamoled,,128.0
B0D97XZJS6,,5000.0,249.0,249.0,,,,,,,8.0
B0DP52QWHF,,10800.0,399.99,,512.0,doogee,android 14,6.6,lcd,2025.0,24.0
B0D8QFSDNC,"8,31 x 1,79 x 17,85 cm; 630 g",10800.0,179.99,249.99,,doogee,android 14,6.58,,2024.0,256.0
B0CPYK2K1J,"18,4 x 9,8 x 6,1 cm; 500 g",5000.0,748.97,1099.0,,,,,amoled,,
B0DPHMDQKR,,5000.0,257.98,399.0,,xiaomi,xiaomi hyperos,6.67,oled,2024.0,8.0
B0B786BT7Z,"0,8 x 7,6 x 16,3 cm; 500 g",,90.0,109.11,,,,,,,64.0
B0DG2YHSLL,,4300.0,119.99,999.99,128.0,oukitel,android 14,6.52,lcd,2025.0,16.0
B0BS1LS9M3,,5000.0,62.89,16.99,64.0,samsung,android,6.5,amoled,2020.0,4.0
B0DM957RN4,"8,5 x 9 x 9 cm; 200 g",5000.0,69.0,239.99,,,,,,,
B0CN12J4Y2,"7,78 x 0,88 x 16,8 cm; 195 g",,138.52,,,,,,,,128.0
B0D2RQ8R19,"16,35 x 7,45 x 0,8 cm; 181 g",5000.0,999.0,1299.0,,,,,,,4.0
B0D4YPG9KQ,"19,56 x 16 x 0,91 cm; 208 g",5150.0,189.99,1299.0,24.0,oukitel,android 14,6.8,lcd,2024.0,1.0
B082L1XCFC,20 x 20 x 30 cm; 170 g,3500.0,215.0,549.0,,samsung,android 9.0,6.3,amoled,2019.0,256.0
B0DGXZNN2F,"16,45 x 7,54 x 0,9 cm; 192 g",5010.0,199.99,219.99,,,,,,,
B0D8TCWWMK,"16,78 x 7,74 x 0,91 cm; 214 g",6000.0,129.99,999.99,1.0,oscal,android,6.75,lcd,2024.0,16.0
B0CN12BMRW,16 x 3 x 8 cm; 197 g,,199.0,9.6,,,,,superamoled,,128.0
B0D7BNQS2T,,10800.0,189.99,239.99,16.0,doogee,android 14,6.58,lcd,2024.0,6.0
B0D89ZJR78,"7,78 x 1,62 x 16,25 cm; 262 g",6300.0,119.99,159.99,256.0,doogee,android 14,5.5,lcd,2024.0,8.0
B0D6GKMW7R,,3000.0,57.99,59.99,16.0,qrzrq,android 9.0,5.0,lcd,2024.0,1.0
B0DNZ1Y4LG,,5160.0,133.0,140.01,256.0,xiaomi,androide,6.74,amoled,2024.0,8.0
B0DFGM3WL2,"16,57 x 7,6 x 0,77 cm; 190 g",3600.0,110.89,115.0,,,,,lcd,,
B0DH243L65,"17,19 x 7,78 x 0,82 cm; 204 g",5000.0,95.47,121.96,,xiaomi,android 14,6.88,lcd,2024.0,4.0
B0CR1C119B,"16,11 x 7,49 x 0,8 cm; 179 g",5000.0,169.95,241.43,,,,,amoled,,8.0
B0DDL1DMZ2,"16,3 x 7,57 x 0,77 cm; 200 g",5000.0,181.84,245.0,,,,,amoled,,
B0DBVDRNK5,"16,19 x 0,76 x 7,31 cm; 170 g",5000.0,229.99,229.99,256.0,motorola,android,6.67,oled,2024.0,8.0
B0D8TCDJ97,,10600.0,149.99,199.99,256.0,oukitel,android 14,6.52,hd,2024.0,24.0
B0DB81STNK,,5000.0,219.99,499.99,,xiaomi,android 13.0,6.67,amoled,2023.0,8.0
B0CSMR9M9P,,4500.0,179.0,999.99,,honor,android 13.0,6.7,oled,,8.0
B0CQ32CLZQ,"16,11 x 7,42 x 0,8 cm; 187 g",5000.0,265.0,399.0,,,,,amoled,,8.0
B0BZS77DBX,,1.0,209.79,,,,,,amoled,,8.0
B0CNQ6Z5VC,,5000.0,799.0,969.0,,,,,,,256.0
B0CX1J157Y,18 x 9 x 5 cm; 400 g,,127.61,152.65,128.0,xiaomi,sistema operativo android (versione non specificata),0.39,lcd,2022.0,6.0
B0CPPFD4RL,"0,8 x 7,55 x 16,36 cm; 185 g",5200.0,217.55,399.9,256.0,honor,android 13.0,,amoled,2024.0,16.0
B0CY4ZH6VD,"7,58 x 0,86 x 16,38 cm; 186 g",5150.0,89.99,129.99,128.0,doogee,android 14,6.56,lcd,2024.0,9.0
B0CSFVHB5V,,,264.9,282.0,,,,,,,
B0DPHN1435,"8,2 x 74 x 162,2 cm; 600 g",5000.0,239.78,247.59,8.0,xiaomi,xiaomi hyperos,6.67,oled,2024.0,256.0
B0DL8VX17R,,5000.0,131.99,239.99,,xiaomi,android 14,6.88,amoled,2024.0,8.0
B0DKNVBD41,"16,32 x 7,59 x 0,78 cm; 188 g",5000.0,299.0,329.0,,,,,,,
B0CVQL3L2K,"0,82 x 7,74 x 16,11 cm; 320 g",5000.0,374.58,1299.0,,,,,,,
B0CHBJD9QZ,,3000.0,55.99,399.0,16.0,msmga,android 9.0,5.0,lcd,,1.0
B0D5CQT349,"16,7 x 7,7 x 0,79 cm; 390 g",5000.0,149.99,379.99,,umidigi,android 13.0,6.75,lcd,2024.0,6.0
B0D5YN21S1,"8 x 1,07 x 17,27 cm; 240 g",5150.0,149.99,569.99,256.0,doogee,android,6.56,oled,2024.0,16.0
B0CYGJJHFW,,3000.0,57.99,59.99,16.0,wrtogo,android 9.0,5.0,lcd,,1.0
B0DKWVTH6R,"16,38 x 7,68 x 0,89 cm; 228 g",5800.0,1299.99,1299.99,,,,,,,
B0C53R3TZX,"16,56 x 7,61 x 0,82 cm; 192 g",5000.0,280.0,399.0,,,,,,,8.0
B0DG64KMM6,,5160.0,134.99,169.9,,,,,,,
B0D2HBMW85,"16,8 x 7,8 x 0,94 cm; 209 g",5150.0,99.99,126.99,128.0,oukitel,android 14,6.8,lcd,2024.0,18.0
B0CQKDBVT8,,5000.0,299.99,499.99,,xiaomi,android 13.0,6.67,amoled,2024.0,12.0
B0DKP8CT9W,,5500.0,239.9,239.9,,,,,,,
B0DH3N1GZ3,,,99.9,,,honor,android 14,6.56,,,4.0
B0DM81D5J5,,5160.0,138.0,156.0,128.0,xiaomi,android 14,6.88,lcd,2024.0,8.0
B0D6GQTRTS,"17,27 x 8 x 1,1 cm; 450 g",5150.0,169.99,239.99,256.0,doogee,android 14,6.56,lcd,2024.0,2.0
B0DN1GZ1D1,,5828.0,169.0,199.99,,,,,,,
B07VTMHTDF,"6 x 1 x 11,54 cm; 250 g",,38.4,42.0,,zte,android 11,5.0,,,
B0CJFJQLRF,"9,4 x 4,74 x 1,25 cm; 84 g",3.0,79.99,499.99,,zokoe,android 9.0,3.0,lcd,2023.0,3.0
B0DMCLZBYX,,5160.0,137.78,137.78,256.0,redmi,"android 14, hyperos",6.88,lcd,2024.0,4.0
B0D97XX8Z4,,5000.0,75.0,109.0,,,,,,,
B0CMJL5QMK,,5100.0,238.0,499.99,,,,,amoled,,12.0
B0DFGKGGD5,"16,57 x 7,6 x 0,77 cm; 250 g",5100.0,135.0,135.0,,,,,lcd,,
B0DPHMWDZN,,5000.0,218.15,349.0,8.0,xiaomi,xiaomi hyperos,6.67,oled,2024.0,256.0
B0DPXMFDNS,,4000.0,1089.0,999.99,,,,,,,
B0CQRBM82X,"16,46 x 7,54 x 0,76 cm; 500 g",5000.0,176.0,11.36,,,,,,,6.0
B0D266YCVL,"16,57 x 7,6 x 0,77 cm; 186 g",5000.0,155.08,199.0,,,,,lcd,,
B09STZG984,,1.0,20.71,20.71,,,,,,,
B08CH7RHDP,"16,48 x 7,71 x 0,9 cm; 194 g",3600.0,86.39,119.99,,,,,,,2.0
B0CR16WJH9,"16,04 x 7,43 x 0,82 cm; 190 g",5000.0,305.19,1299.0,,xiaomi,android 13.0,6.67,amoled,2024.0,12.0
B0CP2FGY64,"16,4 x 7,7 x 0,91 cm; 225 g",5500.0,976.6,1229.99,,,,,amoled,,16.0
B09MJSV5WB,,2815.0,379.0,1299.0,,apple,ios 15,6.1,xdr,2018.0,128.0
B0CMRRKV79,"16,8 x 7,8 x 0,81 cm; 192 g",5000.0,144.27,999.99,256.0,xiaomi,android 13.0,6.74,lcd,2024.0,8.0
B07RMHCWLM,"13,2 x 6,3 x 9,4 cm; 82 g",3600.0,28.99,29.9,,,,,,,
B0CQZ4BK6C,"16,14 x 7,42 x 0,89 cm; 204,8 g",5000.0,278.0,297.0,,,,,oled,,8.0
B0CMJGC9HP,,5000.0,229.9,229.9,,,,,amoled,,8.0
B0D53ZYFKG,"7,75 x 0,82 x 16,37 cm; 197 g",5000.0,199.0,239.0,,,,,superamoled,,
B0CKLT46MV,"16,15 x 0,8 x 7,38 cm; 175 g",5000.0,119.0,7.54,,,,,,,8.0
B0CNKT21Z5,16 x 2 x 8 cm; 200 g,,164.99,182.07,,,,,,,128.0
B0DRBWS1KW,"0,88 x 7,47 x 16,25 cm; 210 g",5110.0,337.18,479.0,,xiaomi,android 12.0,6.67,amoled,2025.0,8.0
B0CWS3RM89,,,83.5,87.89,,,,,,,
B09VNPFZGS,"16,42 x 7,61 x 0,81 cm; 202 g",4500.0,245.49,340.41,,,,,amoled,,8.0
B0D177B1DH,"7,62 x 0,91 x 16,58 cm; 193 g",19.0,89.99,239.99,,doogee,android 13.0,6.52,lcd,2024.0,12.0
B0CYT838NX,"16,41 x 7,5 x 0,83 cm; 190 g",,144.99,179.99,,tcl,android,6.56,,,
B0DP97TFKX,,5160.0,134.9,145.0,128.0,xiaomi,"hyperos, androide 14",6.88,lcd,2024.0,8.0
B0CWTPTF51,"17,22 x 8,07 x 1,91 cm; 393 g",10500.0,199.99,1299.0,,oukitel,android 13.0,6.52,lcd,2024.0,16.0
B08PCDKD6G,"6,43 x 0,74 x 13,16 cm; 135 g",,249.0,499.99,,,,,oled,,128.0
B0DLN82WFD,,5000.0,170.99,209.99,24.0,blackview,android 14,6.67,lcd,2025.0,256.0
B0CR17BMLT,"16,05 x 7,5 x 0,85 cm; 500 g",5000.0,297.88,419.9,,,,,amoled,,12.0
B0D2QFYJTQ,"16,32 x 7,58 x 0,78 cm; 191 g",5000.0,219.0,1299.0,256.0,vivo,android 14,6.67,amoled,2024.0,8.0
B0DNYQMD8X,,5160.0,129.89,149.99,128.0,xiaomi,androide,6.88,lcd,2024.0,256.0
B0D1FQ4J92,,3700.0,149.99,199.99,4.0,blackview,android 13.0,4.3,lcd,2024.0,12.0
B08VW9J5GV,"16,7 x 7,74 x 0,89 cm; 189 g",4350.0,79.99,569.99,32.0,doogee,android 10.0,6.52,,,4.0
B0BNQ5Y8BR,"9,5 x 4,94 x 1,65 cm; 110 g",2000.0,149.99,149.99,64.0,unihertz,android 12.0,3.0,lcd,2022.0,4.0
B0D7Q966MY,,10300.0,139.99,499.99,,fossibot,androide 14,6.75,lcd,2024.0,12.0
B09RZYJ9PG,"24 x 69 x 2,5 cm; 193 g",5000.0,269.0,269.0,,,,,amoled,,8.0
B0CN2TJYL6,,6300.0,116.99,569.99,128.0,doogee,android 13.0,5.58,lcd,2024.0,8.0
B07MTXWLRP,"14,2 x 7,04 x 0,78 cm; 157 g",3400.0,268.16,268.16,,,,,,,8.0
B0B4PL3FGW,,2200.0,56.56,,,luqeeg,android 6.0,5.0,,,32.0
B0C7H73JP2,"11,12 x 5,27 x 1,35 cm; 240 g",1400.0,28.11,29.9,,,,,lcd,,
B0DJ2XZHLZ,,4500.0,209.0,499.99,256.0,honor,android 14,6.7,amoled,2024.0,8.0
B07KVX2G29,,,184.0,499.99,,motorola,android,,amoled,,8.0
B0C3LYJT6X,"16,57 x 7,58 x 0,97 cm; 217 g",,129.99,199.99,8.0,cubot,android 13.0,6.58,lcd,2024.0,16.0
B0CQ2Y672K,,,62.81,499.99,,tbest,android 4 4,,,,128.0
B0B3MCW4YR,"8,35 x 1,77 x 17,62 cm; 367 g",8380.0,424.99,499.99,,,,,,,8.0
B0CNK3KJJ3,,5000.0,143.27,179.0,256.0,xiaomi,android 13.0,6.74,lcd,2023.0,8.0
B0DGXZK6LX,"16,8 x 0,83 x 7,67 cm; 190 g",5010.0,109.99,149.99,,,,,,,
B0DPXNHN3F,,5000.0,1579.0,149.99,,,,,,,
B0BLYSJHG3,"8,14 x 1,89 x 17,4 cm; 50 g",13000.0,229.99,149.99,256.0,oscal,android 12.0,6.67,amoled,2025.0,6.0
B0DHRYY5XJ,,5150.0,129.99,,256.0,oukitel,android 14,6.7,hd+,2024.0,24.0
B0D7VV8DC4,"1,79 x 8,31 x 17,88 cm; 420 g",10800.0,189.99,146.99,256.0,doogee,android 14,6.58,lcd,2024.0,16.0
B0CKZ8FXP2,"16,5 x 7,6 x 1 cm; 217 g",5200.0,149.99,179.95,,cubot,android,6.58,ips,2023.0,512.0
B0DCNSYMQQ,"8,31 x 1,79 x 17,85 cm; 422 g",10800.0,189.99,329.99,256.0,doogee,android 14,6.58,lcd,2025.0,16.0
B0BNJVY7NS,,,18.88,,,alcatel,,,,,
B08MZP4JSG,"16,7 x 8,14 x 1,55 cm; 310 g",,269.99,149.99,128.0,doogee,android 10.0,6.22,led,,8.0
B06XW8Q72D,"6,8 x 0,8 x 14,9 cm; 152 g",3000.0,199.98,,64.0,samsung,android,5.8,amoled,2017.0,4.0
B0DFPZGYV3,,4300.0,79.99,99.99,64.0,oukitel,android 14,6.6,lcd,2024.0,8.0
B0DJ1LK2MZ,,15080.0,339.0,,12.0,cxpmy,android 13.0,,lcd,,256.0
B0C6F9Y43N,,5000.0,126.0,1299.0,,,,,lcd,,2.0
B0DMZ6QMKQ,"8,12 x 1,58 x 17,4 cm; 362 g",10300.0,169.99,219.99,,doogee,android 14,6.6,lcd,2025.0,256.0
B0D97XYXVT,"11,42 x 12,68 x 12,52 cm; 340 g",5000.0,249.0,249.0,,,,,,,
B0CFV2DRV6,"16,37 x 7,54 x 0,92 cm; 199 g",5150.0,89.99,119.99,,oukitel,android 14,6.56,lcd,2023.0,12.0
B0BPGH5LY8,"7,78 x 1,62 x 16,25 cm; 262 g",6300.0,129.99,569.99,16.0,doogee,android 12.0,5.5,amoled,,6.0
B0DQTBFSW9,,2850.0,64.99,89.99,,xgody,android 14,5.5,lcd,2025.0,16.0
B0CQYWG2T8,"16,22 x 7,55 x 0,8 cm; 188 g",5000.0,156.8,249.0,,,,,amoled,,8.0
B0DQDD94KN,,5100.0,125.99,149.0,,oppo,android 14,6.67,lcd,2024.0,4.0
B0D4M985GZ,,5150.0,109.99,149.99,128.0,doogee,android 14,6.56,lcd,2024.0,8.0
B0DS1VS2VJ,"0,83 x 7,52 x 16,08 cm; 200 g",6000.0,305.43,318.99,,xiaomi,android,6.67,amoled,2025.0,8.0
B0DG55RN6Q,,23800.0,859.99,499.99,,8849pro,android 13.0,6.79,lcd,2024.0,18.0
B0DB85DRHX,"18,37 x 8,39 x 1,63 cm; 383 g",8680.0,499.99,639.99,512.0,doogee,androide 14,6.78,lcd,2024.0,36.0
B0DNFJN16X,"16,2 x 7,51 x 0,87 cm; 500 g",,399.0,329.99,,realme,android 14,6.78,amoled,2024.0,256.0
B0CJP4TZBD,,,193.95,193.95,,xiaomi,,6.58,,,4.0
B0C3BP7QZ5,,,22.38,499.99,,fockety,,,,,
B0B31F47DH,"11,6 x 5 x 1,4 cm; 170 g",1000.0,19.99,54.98,,,,,,,1.0
B0D6YYX6WK,,10200.0,389.99,,512.0,cubot,android 14,6.58,lcd,2024.0,32.0
B0BVZ65S6Y,"16,88 x 7,64 x 0,88 cm; 192 g",,76.19,549.0,,xiaomi,android,6.71,,,4.0
B0CTHYFH35,,5000.0,449.99,629.9,,,,,amoled,,12.0
B0BWNCMTT9,,,261.92,999.99,,,,,superamoled,,8.0
B0B63GDZ1T,,,191.0,999.99,,oppo,android 10.0,6.55,amoled,2019.0,12.0
B0D3TGG2QX,"16,38 x 7,58 x 0,86 cm; 186 g",5149.0,149.99,149.99,256.0,doogee,android 14,6.56,lcd,2024.0,128.0
B0D6VXFV6K,,4300.0,99.99,149.99,64.0,oukitel,android,6.6,lcd,2024.0,8.0
B0CTHYTJGP,,5000.0,556.71,579.9,,,,,amoled,,12.0
B0CTG3JNMF,"17,21 x 8,38 x 1,29 cm; 510 g",6000.0,149.99,169.99,,umidigi,android 13.0,6.53,lcd,2024.0,6.0
B0DHRQCB1G,,5100.0,109.99,129.99,128.0,cubot,android 14,6.75,lcd,2024.0,12.0
B09RKHJ9S3,,3700.0,449.99,449.99,128.0,samsung,android 12.0,6.1,amoled,2022.0,8.0
B0CFGBKRMT,,,87.49,499.99,,dauz,,6.6,,,64.0
B00JC8MD7Y,"16,36 x 7,6 x 0,77 cm; 179 g",4500.0,279.99,279.99,,,,,superamoled,,6.0
B0BCKZ64JN,"36,58 x 12,7 x 27,94 cm; 250 g",5000.0,85.14,569.99,,,,,,,2.0
B084XRF3MG,"12,5 x 5,2 x 1,5 cm; 2 kg",,33.23,499.99,,,,,,,
B0BG5Z1Q2D,,3000.0,55.99,1299.0,16.0,hyrich,android 9.0,5.0,lcd,2018.0,4.0
B09W25BG2T,"7,67 x 1,46 x 15,82 cm; 256 g",,159.99,159.99,,,,,led,,4.0
B09QH6KD26,"7,38 x 0,81 x 15,98 cm; 179 g",5000.0,128.69,128.69,,,,,amoled,,6.0
B08HJDNNQY,"0,93 x 7,64 x 16,51 cm; 218 g",1.0,599.0,499.99,,,,,,,8.0
B082WFVKL7,"15,85 x 7,36 x 0,79 cm; 172 g",4000.0,229.74,369.0,128.0,samsung,android 10.0,6.5,superamoled,2020.0,4.0
B0BYMPG5KL,,,284.0,,,samsung,,,,,
B08XYN28KT,,4000.0,36.99,149.99,,gegong,,5.8,,,4.0
B0CP17PN8H,"16,8 x 7,8 x 0,8 cm; 192 g",5000.0,123.89,130.02,,,,,,,4.0
B0C818XP65,"17,2 x 8,16 x 1,77 cm; 390 g",10600.0,229.99,999.99,256.0,cubot,android 13.0,6.58,lcd,2023.0,24.0
B0DJDG6XGG,"16,87 x 7,52 x 0,83 cm; 500 g",,145.9,999.99,256.0,meizu,android 14,6.78,lcd,2024.0,8.0
B0CM11XZNB,"7,62 x 2,03 x 15,57 cm; 340 g",10600.0,179.99,,128.0,fossibot,android 13.0,5.45,amoled,,15.0
B0DLN1CVRZ,,5000.0,129.99,,,blackview,android 14,6.56,lcd,2025.0,12.0
B0CLLX5B1N,,5000.0,182.11,499.99,,,,,amoled,,6.0
B0CSFVKV5S,"9,1 x 18,6 x 6 cm; 540 g",,380.0,499.99,,,,,amoled,,
B01BWV9A42,"14,25 x 6,96 x 0,79 cm; 151,95 g",3600.0,179.0,179.0,32.0,samsung,android,5.1,superamoled,2016.0,4.0
B0CN12NG6D,"7,78 x 0,88 x 16,8 cm; 195 g",,141.13,499.99,,,,,,,128.0
B0CSVS3FNK,18 x 9 x 3 cm; 340 g,5000.0,884.99,1459.0,,,,,,,256.0
B0BFJ8FW3D,,5000.0,129.52,499.99,32.0,xiaomi,android 12.0,6.52,amoled,2021.0,2.0
B0DJ345581,,,595.99,25.01,,xiaomi,miui (xiaomi's custom version of android),,amoled,2022.0,12.0
B0DPFBNN38,"8,42 x 1,57 x 17,81 cm; 368 g",10200.0,259.99,309.99,512.0,doogee,android 14,6.72,lcd,2025.0,24.0
B0DHGYXQVK,,1600.0,59.99,69.9,,,,,,,
B0CP2D5XZL,,3000.0,54.79,,,tosuny,android 10.0,5.0,lcd,,16.0
B0CY5136K3,"16,33 x 7,47 x 0,84 cm; 199 g",5000.0,259.0,279.0,,,,,,,
B0BVZQVHDJ,,5000.0,140.0,549.0,128.0,motorola,android 13.0,6.5,lcd,2018.0,4.0
B08WWHJFLR,"0,84 x 7,51 x 15,99 cm; 365 g",4500.0,278.99,349.0,,,,,superamoled,,128.0
B0DNFB4D6H,,5000.0,139.9,149.99,,vivo,android 14,,,2023.0,4.0
B0CXHC9B82,,3000.0,56.99,59.99,16.0,mcmgc,android 9.0,5.0,lcd,2024.0,1.0
B0D8TDJ1DB,"16,32 x 7,52 x 0,87 cm; 195 g",5180.0,139.99,,1.0,oscal,android 14,6.75,lcd,2024.0,16.0
B0DLK16YL7,,5000.0,75.99,89.99,,ulefone,android 14,6.56,lcd,2023.0,3.0
B0DLNM2N1D,,5000.0,89.0,109.99,,blackview,android 14,6.56,lcd,2025.0,12.0
B0DPHBX2Q9,"7,9 x 77 x 164,4 cm; 280 g",,156.0,549.0,,samsung,android,,,,
B0CDWGXHGC,,,87.52,,,dauz,,,,,64.0
B0D4PMXL19,,4500.0,207.0,499.99,,,,,amoled,,
B0BW66P9XN,,5000.0,227.99,227.99,,,,,,,8.0
B0CNQ5WD9K,,5000.0,1055.83,549.0,,,,,,,512.0
B0DFGS5NFN,"16,57 x 7,6 x 0,77 cm; 186 g",3600.0,110.99,115.0,,,,,lcd,,
B0D8TFQPCL,"16,85 x 7,66 x 0,83 cm; 198 g",5000.0,139.99,,1.0,oscal,movil android 13,6.78,lcd,2024.0,24.0
B0B7KJS9K4,,,54.14,,,cuifati,android 4.4,4.5,,,4.0
B0CY5DH5VG,"17,9 x 8,6 x 3,1 cm; 696 g",23800.0,749.99,499.99,16.0,8849,android 13.0,6.79,lcd,2024.0,32.0
B0B3R9C126,"16,2 x 7,7 x 1 cm; 266 g",5180.0,159.99,569.99,6.0,doogee,either android or ios,6.0,lcd,2023.0,8.0
B0D31ZZXLF,,3600.0,276.0,999.99,,motorola,android,6.67,lcd,,8.0
B0CV11PDWS,,5000.0,255.44,,,,,,superamoled,,
B0C3XNCQDC,,3500.0,64.23,,,leyt,android 10.0,5.0,lcd,,32.0
B0BD8NXHNL,14 x 7 x 14 cm; 350 g,3500.0,93.5,,,,,,lcd,,0.0
B0DMCZGN9M,"7,56 x 0,87 x 16,48 cm; 200 g",5000.0,239.99,329.99,256.0,blackview,android 14,6.67,amoled,,24.0
B0CZXTM9GB,"11,42 x 12,68 x 12,52 cm; 340 g",5000.0,379.0,499.0,,,,,superamoled,,8.0
B09ZHGZ7YS,"16,37 x 7,64 x 0,78 cm; 194 g",5000.0,85.78,129.0,,,,,lcd,,2.0
B0D47MZ2Z1,,5000.0,589.95,999.99,256.0,xiaomi,android 13.0,6.67,amoled,2024.0,12.0
B07VZY57MP,"15,1 x 7,18 x 0,79 cm; 168 g",3500.0,246.57,499.99,256.0,samsung,android,6.3,amoled,2020.0,8.0
B0BNLZ6GXH,"13,34 x 3,18 x 0,05 cm; 436 g",16.0,685.0,549.0,,apple,ios 16,6.7,oled,2019.0,128.0
B09MJQGX2W,,2227.0,335.0,499.99,,,,,oled,,128.0
B0D8L9DBQM,"17,42 x 8,23 x 1,74 cm; 370 g",10600.0,159.99,499.99,,oukitel,android 14,6.52,lcd,2024.0,16.0
B0DKN7GNP6,,18.0,79.99,149.99,2.0,blackview,android 14,6.56,lcd,2024.0,16.0
B0C4NG1QS6,,3000.0,56.99,499.99,16.0,jtqtj,android 9.0,5.0,lcd,,1.0
B0CMGVXB9V,"16,4 x 8,15 x 1,54 cm; 580 g",6300.0,146.99,199.99,128.0,oukitel,android 14,2.36,lcd,2024.0,12.0
B00IRZ8EQC,"10,41 x 5,84 x 1,27 cm; 77,11 g",,245.0,499.99,1.0,samsung,android,4.3,lcd,2013.0,1536.0
B0D2D2TQ68,,4500.0,209.0,229.0,,honor,android 14,,amoled,,8.0
B09SHWGFJC,"24 x 69 x 2,5 cm; 186 g",5000.0,273.57,499.99,128.0,samsung,android 12.0,6.4,oled,2022.0,6.0
B0D43HDGMP,,,145.43,,,,,,,,
B0CR3XCB81,"16,14 x 7,42 x 0,89 cm; 205 g",,347.0,364.0,,,,,oled,,12.0
B08Q8LX9L2,"0,79 x 7,12 x 15,17 cm; 171 g",4000.0,244.07,499.99,,,,,amoled,,8.0
B0B8ZF9ZPV,,2800.0,112.25,,,zunate,android 6.0,4.66,lcd,,32.0
B0CT8QRFJ4,"17,5 x 8,3 x 1,3 cm; 300 g",6280.0,119.99,99.99,8.0,hotwav,android 13.0,6.52,oled,2024.0,4.0
B09WMQZMMW,"8,2 x 1,55 x 17,2 cm; 320 g",6000.0,368.99,149.99,256.0,doogee,android 11.0,6.3,amoled,2022.0,8.0
B0DKB8V6WS,"7,52 x 0,87 x 16,32 cm; 193 g",5000.0,99.99,329.99,64.0,blackview,android 14,6.56,amoled,2024.0,6.0
B0BQRS2HZ7,,5000.0,785.7,499.99,,,,,amoled,,8.0
B0CQKDDCVK,"10 x 5 x 1,27 cm; 174,5 g",5000.0,159.0,181.52,,xiaomi,android,6.67,amoled,2024.0,8.0
B0D8LH632G,"16,26 x 7,5 x 0,8 cm; 199,5 g",5500.0,499.0,599.0,,,,,oled,,16.0
B0D4MFT832,,5150.0,109.99,149.99,128.0,doogee,android 14,6.56,lcd,,
B075P82KXM,8 x 5 x 12 cm; 200 g,,13328.98,149.99,32.0,brondi,android,1.77,,2017.0,
B085RBT8KW,"17,4 x 8,1 x 1,73 cm; 370 g",,199.99,499.99,,oukitel,android 9.0,6.3,oled,2020.0,6.0
B0D1VKLSDM,,5150.0,109.99,499.99,,oukitel,android 13.0,6.6,fhd+,2024.0,24.0
B0CYLGNKZP,,3000.0,56.99,569.99,16.0,jtqtj,android 9.0,5.0,lcd,2023.0,1.0
B0866BJTL9,"2 x 4,9 x 16,3 cm; 200 g",,89.99,54.98,,cocomm,,,,,
B0BYCGTQBP,,3000.0,56.99,,16.0,mcmgc,android 9.0,5.0,lcd,2023.0,1.0
B0DRFJR1R3,,5110.0,179.1,,8.0,xiaomi,"android 14, hyperos",6.67,oled,2024.0,256.0
B09C1X76CG,60 x 60 x 85 cm; 290 g,1.0,54.9,569.99,,,,,,,1.0
B0DNZ2FR46,,5000.0,93.0,99.0,4.0,xiaomi,androide 14,6.7,lcd,2023.0,128.0
B07RJ14MQY,"15,13 x 0,7 x 0,82 cm; 147 g",,249.99,,64.0,google,android,5.6,oled,2019.0,4.0
B0CJ9QCV68,,5000.0,161.7,499.99,,,,,,,8.0
B08XBZG7JC,,,115.52,499.99,,sorandy,,,,,
B09M3W36MN,"15,57 x 7,45 x 0,79 cm; 177 g",4500.0,368.38,499.99,,samsung,android,6.4,amoled,2021.0,6.0
B0DB5SNQ67,"15 x 8 x 4,5 cm; 138 g",2000.0,69.99,569.99,,,,,,,
B0D8BRYV9D,"8,25 x 1,6 x 17,95 cm; 364 g",10100.0,299.99,379.99,256.0,doogee,android 14,6.72,lcd,2025.0,
B0C7C1VVG6,,9600.0,269.99,499.99,256.0,ulefone,android 14,6.58,lcd,2023.0,16.0
B0BDQ5C7YX,,,59.03,499.99,,dpofirs,android 6.0,2.5,lcd,,1.0
B0DQD4LZLH,,5000.0,249.0,349.0,,,,,,,
B0B8ZKF6B6,,2200.0,49.38,,,ciciglow,android 6.0,4.66,,,4.0
B0D6GMV7XC,"17,27 x 8 x 1,1 cm; 252 g",5150.0,119.99,569.99,128.0,doogee,android 14,6.56,lcd,2024.0,9.0
B08P7M64BJ,"1,2 x 2,3 x 12,3 cm; 99 g",1400.0,46.99,46.99,,,,,lcd,,4.0
B0C1GPK2LX,,10600.0,139.99,999.99,4.0,fossibot,android 12.0,5.45,lcd,2024.0,7.0
B0BWNXRP3Q,,,61.91,,,akozon,,5.5,,2014.0,4.0
B0CBL36NK4,,2400.0,31.14,,,jectse,android one,,,,16.0
B0D7D39H1P,,,48.27,999.99,,pusokei,android 10.0,1.77,led,,16.0
B0956DPGBF,1 x 1 x 1 cm; 339 g,,61.99,,,zunate,android 6.0,5.45,,,512.0
B0CDRLC8D4,,,79.55,,,heepdd,,,,,
B0DGLLWPMM,"8,1 x 1,53 x 17,2 cm; 670 g",11000.0,249.99,259.99,256.0,oukitel,android 14,6.56,ips,2025.0,24.0
B0D3FCTN4C,"0,78 x 7,44 x 16,05 cm; 179 g",5000.0,309.0,443.3,,,,,amoled,,8.0
B0CJCHLJ1C,"13,86 x 11,21 x 8,21 cm; 368 g",800.0,24.0,29.99,,volfen,nucleus os,2.8,led,2024.0,32.0
B0DCYV2B1R,,,279.99,329.99,,blackview,android 13.0,6.7,lcd,2024.0,256.0
B0B6411NSJ,12 x 35 x 45 cm; 310 g,4500.0,349.99,,,,,,superamoled,,
B0CN13CLQF,"16,2 x 1,62 x 1,6 cm; 262 g",6300.0,119.99,159.99,128.0,doogee,android 13.0,5.5,lcd,2024.0,8.0
B0D1GD4SXB,"11,42 x 12,68 x 12,52 cm; 400 g",5000.0,151.95,199.99,,,,,,,6.0
B0CSFV5FT4,,5000.0,319.99,,256.0,xiaomi,android 14,6.67,amoled,2024.0,8.0
B0CZ6TM9WF,"17 x 7,55 x 0,7 cm; 209 g",3290.0,499.0,499.99,,nubia,android 13.0,6.9,oled,2024.0,8.0
B0DFMP95HF,,5000.0,798.9,999.99,,,,,lcd,,
B0B8NXSLNM,,2800.0,48.1,,,elprico,android 6.0,,,,8.0
B0CGVP8NRC,"0,89 x 7,08 x 15,05 cm; 187 g",4575.0,488.93,999.99,,,,,oled,,8.0
B0CQJY9JYT,,5000.0,119.9,124.84,,samsung,android 13.0,6.7,amoled,2024.0,4.0
B0DLNDG3ZC,,5000.0,129.99,329.99,4.0,blackview,android 14,6.56,lcd,2025.0,12.0
B00XHYJ2XW,,,1335.0,499.99,,thuraya,thuraya,6.1,lcd,,32.0
B0B1PV8Z1C,"7,34 x 0,85 x 15,53 cm; 153 g",3300.0,99.99,146.99,,,,,,,3.0
B0D3858PHQ,,5000.0,429.0,429.0,,xiaomi,android 13.0,6.67,amoled,2024.0,12.0
B07VYS2M9D,"16,23 x 7,72 x 0,79 cm; 198 g",,449.99,,,samsung,android,6.3,,,256.0
B0DK4Q5BCF,"8,15 x 1,35 x 17,47 cm; 285 g",5180.0,159.99,199.99,128.0,blackview,android 14,6.56,amoled,,12.0
B0CNR4SN1Q,,4999.0,132.59,147.52,,xiaomi,android,6.74,amoled,,8.0
B0DBKLHQQJ,,3000.0,57.99,569.99,16.0,jtqtj,android 9.0,5.0,lcd,,1.0
B0D2H7LK22,"16,8 x 7,8 x 0,94 cm; 209 g",5150.0,99.99,129.99,128.0,oukitel,android,6.8,lcd,2024.0,18.0
B0CBPSB8NW,"17,3 x 1,35 x 8,3 cm; 770 g",6300.0,149.99,169.99,128.0,ulefone,android 14,6.52,lcd,2023.0,64.0
B0CLM9X2PP,,5000.0,122.99,499.99,128.0,xiaomi,android 13.0,6.74,lcd,2023.0,3.0
B084Z436NC,12 x 9 x 7 cm; 120 g,,27.71,,,garsent,,1.77,lcd,,8.0
B0DGXCJ5BW,,5000.0,159.99,999.99,256.0,blackview,android 13.0,6.78,lcd,2024.0,16.0
B0CZ3YSRV9,"16,4 x 7,4 x 0,92 cm; 180 g",4500.0,98.99,999.99,128.0,el,android 12.0,6.52,,2024.0,4.0
B0DGXXTBLJ,"16,45 x 7,54 x 0,9 cm; 192 g",5010.0,199.99,219.99,,,,,,,
B0DJQFBMY8,,10600.0,209.99,999.99,256.0,oukitel,android 14,6.52,lcd,2024.0,24.0
B0DHH2RS9K,,1600.0,59.9,69.9,,,,,,,
B0DKP7RCTJ,,5500.0,199.99,229.9,,,,,,,
B0D8BR4CDP,"8,25 x 1,6 x 17,95 cm; 364 g",10100.0,299.99,379.99,256.0,doogee,android 14,6.72,lcd,2025.0,32.0
B097P17X3V,"7,78 x 73,76 x 159,96 cm; 175 g",4300.0,599.0,499.99,,,,,amoled,,8.0
B0BXFKD5GP,"16,12 x 7,4 x 0,86 cm; 197 g",4600.0,819.99,899.0,,,,,oled,,12.0
B0CTMLV1PR,,1200.0,79.93,89.0,,,,,,,
B0CTMM8S86,"16,7 x 7,5 x 0,8 cm; 195 g",5000.0,179.99,499.99,,,,,,,
B01BYD0ZRO,"15,09 x 7,26 x 0,77 cm; 157 g",3600.0,186.0,499.99,32.0,samsung,android,5.5,amoled,2016.0,4.0
B0CHP11VXC,,10600.0,169.99,999.99,15.0,oukitel,android 13.0,6.52,lcd,2023.0,16.0
B0DHDRPRDC,,1600.0,59.99,69.9,,,,,,,
B0CHP1LXTT,,10600.0,169.99,239.99,256.0,oukitel,android 13.0,6.52,lcd,2023.0,16.0
B0DG2Y8PXJ,,4300.0,89.99,119.99,128.0,oukitel,android 14,6.52,lcd,2025.0,16.0
B0948CVYTX,"7,12 x 0,79 x 15,17 cm; 169 g",4000.0,319.73,,,,,,amoled,,8.0
B09RNDTXJX,"16,56 x 7,7 x 0,84 cm; 198 g",5000.0,284.99,319.0,,,,,,,6.0
B0B1VDGS1K,"7,69 x 0,84 x 16,54 cm; 192 g",5000.0,909.0,,,,,,,,64.0
B0CF9W8XQC,18 x 9 x 2 cm; 280 g,6150.0,228.67,569.99,,,,,,,6.0
B0D2L33VQ8,,5500.0,377.9,549.99,,,,,,,8.0
B0D4LZJ3ZG,,3000.0,56.99,59.99,16.0,msmga,android 9.0,5.0,lcd,,1.0
B0DSMKWQKC,,,25.99,,,ivanky,,,,,
B0DFGK5Q59,"16,57 x 7,6 x 0,77 cm; 200 g",5100.0,150.0,150.0,,,,,lcd,,
B0DCHY2N3P,"8,56 x 2,28 x 18,46 cm; 516 g",15080.0,280.49,329.99,256.0,blackview,android 13.0,6.7,amoled,,21.0
B0DH4DTQYB,,,16.98,299.99,,sparkledot,,,,,
B00TKALUDC,"1,8 x 4,8 x 9,3 cm; 75 g",800.0,42.02,999.99,,ttfone,ttfone,2.0,lcd,2015.0,
B0DFP5WQSQ,"16 x 7 x 0,9 cm; 460 g",4300.0,99.99,,8.0,oukitel,android 14,6.52,lcd,2024.0,128.0
B0D95F21B3,,3000.0,57.99,149.99,16.0,msmga,android 9.0,5.0,lcd,2024.0,1.0
B0CXHWPMFT,,3000.0,56.99,59.98,16.0,mcmgc,android 9.0,5.0,lcd,2024.0,1.0
B0B8ZN665H,,2200.0,49.43,,,ciciglow,android 6.0,,,,4.0
B0DM67VYSC,"7,71 x 0,86 x 16,43 cm; 228 g",6150.0,879.0,499.99,,nubia,nebula aios (basado en android 15),6.85,amoled,2025.0,12.0
B0C5ZNHJGC,"8,16 x 1,81 x 17,6 cm; 409 g",9600.0,329.99,,256.0,ulefone,android 13.0,6.58,amoled,2022.0,16.0
B0D6VX68ZJ,,4300.0,99.99,569.99,64.0,oukitel,android 14,6.6,lcd,2024.0,8.0
B0BSLKFY68,50 x 50 x 28 cm; 179 g,5000.0,99.99,119.0,,,,,lcd,,2.0
B0DKDT5XMD,,,219.0,,256.0,oppo,,6.67,,2024.0,8.0
B0BVZQGL7R,,5000.0,199.0,199.0,,,,,,,4.0
B0DCNS8NJM,6 x 20 x 28 cm; 343 g,10400.0,319.99,379.99,,doogee,android 14,6.56,lcd,2025.0,16.0
B0CPXYTPYG,,5000.0,304.99,499.99,,,,,amoled,,12.0
B07XQBG9ND,"5,5 x 2 x 10,8 cm; 128 g",1400.0,89.99,109.99,,ttfone,android,2.8,lcd,2019.0,4.0
B0DVH4PRZP,,1150.0,34.9,,,,,,,,
B0D6LDZTTM,"16,35 x 7,45 x 0,8 cm; 500 g",5000.0,93.0,1299.0,,motorola,android,,lcd,,8.0
B0DFH43528,"16 x 7 x 0,9 cm; 450 g",4300.0,99.99,199.99,8.0,oukitel,android 14,6.52,lcd,2024.0,128.0
B0CP184K7G,"16,8 x 7,8 x 0,8 cm; 192 g",5000.0,127.99,127.99,,,,,lcd,,4.0
B0B8NTFRQT,,,57.97,,,elprico,android 6.0,4.66,,,8.0
B0CQRD4R7D,"16,46 x 7,54 x 0,76 cm; 500 g",5000.0,125.49,549.0,,,,,,,6.0
B0D796T434,,10300.0,139.99,149.99,64.0,fossibot,android 14,6.74,lcd,2024.0,12.0
B0CVQ7DDS3,9 x 17 x 2 cm; 213 g,5000.0,337.34,499.99,,,,,,,8.0
B0D2RR7JQZ,"16,35 x 7,45 x 0,8 cm; 181 g",5000.0,85.44,1299.0,,,,,,,
B0CR2TLXJB,"10 x 5 x 1,27 cm; 530 g",,301.99,321.0,,,,,amoled,,12.0
B0BZV2LKQX,"16,46 x 7,68 x 0,94 cm; 193 g",5080.0,89.99,999.99,32.0,oscal,android,6.5,lcd,2024.0,7.0
B0CGF22DYX,,,87.69,499.99,,tonysa,android 8.1,3.0,lcd,,2.0
B0BGLC9F3G,"9,11 x 5,5 x 18,05 cm; 189 g",4500.0,99.99,999.99,16.0,ulefone,android 12.0,6.52,amoled,2021.0,3.0
B0BZRSGGWV,"16,15 x 7,76 x 1,5 cm; 273 g",,133.79,499.99,,,,,,,64.0
B0D7V1FCLD,"16,27 x 7,66 x 0,85 cm; 210 g",5060.0,1079.0,1299.0,,,,,,,
B0C2QH6MNQ,16 x 6 x 1 cm; 350 g,10600.0,119.99,149.99,64.0,oukitel,android 13.0,6.52,lcd,2024.0,4.0
B0CFNVHPR8,,,62.87,,,akozon,,,,,
B07YWSKJRY,,4500.0,119.0,,,xiaomi,android,6.2,lcd,2019.0,3.0
B0CVX5D7HH,"8,3 x 1,3 x 17,3 cm; 300 g",6320.0,149.99,169.99,6.0,ulefone,android 14,5.45,lcd,2024.0,64.0
B0D8BDTNKY,"7,78 x 1,62 x 16,25 cm; 262 g",6300.0,119.99,149.99,128.0,doogee,android 13.0,5.5,lcd,2024.0,8.0
B0DH23VGF7,"9,02 x 4,75 x 1,26 cm; 137 g",900.0,49.99,499.99,,joyzap,android 9.0,3.0,lcd,2024.0,2.0
B0DJT58WGZ,"17,26 x 8,12 x 1,28 cm; 268 g",5100.0,129.94,999.99,,,,,,,
B00XAD2IC2,5 x 13 x 3 cm; 212 g,1.0,1085.0,1299.0,,thuraya,android 10,,lcd,1990.0,16.0
B0DMW7WM42,"8,25 x 1,6 x 17,95 cm; 364 g",10100.0,369.99,469.99,512.0,doogee,android 14,6.72,lcd,2025.0,32.0
B0DFWGW6X6,"15,98 x 7,44 x 0,76 cm; 160 g",5000.0,195.99,,256.0,motorola,android 13.0,6.5,oled,2024.0,8.0
B0CBDV7J57,"7,64 x 0,87 x 16,5 cm; 184 g",4400.0,139.99,499.99,128.0,ulefone,android 13.0,6.52,amoled,,4.0
B0CLQYJ42Z,"6,2 x 0,9 x 16,42 cm; 184 g",5180.0,119.99,499.99,128.0,blackview,android 13.0,6.5,amoled,2022.0,8.0
B0CNYJJD2T,"16,38 x 7,58 x 0,86 cm; 200 g",5150.0,109.99,569.99,,doogee,android 14,6.56,lcd,2024.0,8.0
B0DNF2251L,"7,74 x 0,91 x 16,78 cm; 217 g",6000.0,135.99,329.99,128.0,ulefone,android 14,6.75,amoled,,8.0
B0CP187PNW,,5000.0,138.48,138.48,,,,,,,8.0
B0BTHHL5L4,50 x 50 x 28 cm; 179 g,4500.0,268.99,268.99,,,,,,,6.0
B0CXTCNJM7,,,123.99,,,el,android 13.0,6.8,,,256.0
B0CLV839RH,"12,95 x 5,84 x 1,27 cm; 155 g",3000.0,169.99,569.99,,doogee,android 13.0,4.5,amoled,2023.0,256.0
B07HKNF367,"0,75 x 7,68 x 15,98 cm; 347,4 g",3300.0,163.13,549.0,64.0,samsung,android 8.0,6.0,amoled,2018.0,4.0
B0C7H2HHK1,50 x 50 x 28 cm; 183 g,5000.0,374.78,499.99,,,,,amoled,,12.0
B0CG91MG51,,10600.0,189.99,199.99,,cubot,android 13.0,6.52,lcd,2024.0,12.0
B0CPXYTPYC,,5000.0,197.1,1299.0,,,,,amoled,,12.0
B0DQGMFWDY,,23800.0,559.99,,,8849,android 14,6.79,lcd,2024.0,12.0
B0C4DRRN86,,3000.0,58.34,999.99,16.0,mcmgc,android 9.0,5.0,lcd,,1.0
B08457V863,"2,3 x 5,3 x 10,6 cm; 110 g",500.0,53.43,69.9,,,,,lcd,,
B0BZ7R2MPQ,,5000.0,195.99,195.99,6.0,xiaomi,android,6.67,amoled,2023.0,128.0
B0CY2KV41P,"16,16 x 7,38 x 0,8 cm; 177 g",,168.0,249.0,,,,,,,12.0
B0BW9S5XKZ,,1.0,389.99,451.74,,,,,,,1.0
B0CBRS5D4K,"16,7 x 7,5 x 0,8 cm; 195 g",,179.99,199.99,,umidigi,android 13.0,6.7,lcd,2023.0,8.0
B0D8TCCP26,"16,32 x 7,52 x 0,87 cm; 195 g",5180.0,139.99,239.99,1.0,oscal,android 14,6.75,lcd,2024.0,16.0
B0DHGGKJFJ,"8,3 x 6 x 1,1 cm; 53 g",,229.99,,,orico,,,,,
B0CW15T72S,,18.0,119.99,999.99,,blackview,android 13.0,6.75,lcd,2024.0,16.0
B0DNDTMWJY,"7,74 x 0,91 x 16,78 cm; 217 g",6000.0,135.99,329.99,128.0,ulefone,android 14,6.75,amoled,,8.0
B0BJFBHBW9,,4000.0,226.42,499.99,,dpofirs,android 12.0,6.7,lcd,,128.0
B06XCJP94G,"7,3 x 0,97 x 14,6 cm; 172,93 g",2800.0,144.99,569.99,,samsung,android 7.0,4.99,lcd,2019.0,16.0
B0D2HLFLQD,"17,22 x 8,1 x 1,49 cm; 360 g",11000.0,249.99,325.99,256.0,oukitel,android 14,6.6,lcd,2024.0,24.0
B0DSB4XGR8,,3000.0,57.99,,16.0,hyrich,android 9.0,5.0,lcd,,1.0
B0DFPYNS1Y,,4300.0,79.99,99.99,64.0,oukitel,android 14,6.6,lcd,2024.0,8.0
B0DR8RHJ9T,,5000.0,99.99,159.99,2000.0,oscal,android 14,6.56,lcd,2025.0,64.0
B0DN5YTHZ9,"16,88 x 7,68 x 0,88 cm; 350 g",,149.99,139.99,256.0,ulefone,android 14,6.78,lcd,2024.0,12.0
B0D4R89TZV,,,209.49,218.98,,,,,,,
B0DFPZXW3P,,4300.0,79.99,99.99,64.0,oukitel,android 14,6.6,lcd,2024.0,8.0
B0B1VCR3JY,10 x 12 x 13 cm; 192 g,5000.0,5.65,149.99,,,,,,,64.0
B0D8TFQZRD,,,119.99,,,,,,,,
B0DHHH14QT,"8,2 x 77 x 171,9 cm; 500 g",5160.0,150.17,179.9,256.0,xiaomi,android,2.71,lcd,2024.0,8.0
B0DHRTYLC7,,,109.99,129.99,,,,,,,
B0DCBZP92Z,"16,3 x 7,57 x 0,77 cm; 530 g",5000.0,195.0,,,,,,amoled,,
B0D95SK41T,"0,85 x 7,63 x 16,17 cm; 190 g",5000.0,386.0,429.0,,,,,amoled,,
B0CR44V59M,,,308.68,318.0,,,,,,,
B0DG2ZTY46,,4300.0,119.99,149.99,128.0,oukitel,android 14,6.52,lcd,2024.0,16.0
B0DJQDMYHD,"7,58 x 0,86 x 16,38 cm; 186 g",5150.0,119.99,149.99,,doogee,android 14,6.56,lcd,2024.0,256.0
B0C6HTJ8RQ,"0,82 x 7,63 x 16,86 cm; 30 g",,152.89,239.99,,,,,lcd,,
B09MJMBS9X,,3000.0,308.7,1299.0,,,,,oled,,256.0
B0C5DG43KX,,,142.0,,,,,,,,
B0CVQ7541Q,"10 x 5 x 1,27 cm; 290 g",5000.0,390.0,460.48,,,,,,,
B0DN1557T5,,5150.0,169.99,,256.0,oukitel,android 14.0 smartphone,6.56,lcd,2025.0,24.0
B08QXMSX7K,"15,17 x 7,12 x 0,79 cm; 169 g",4000.0,369.99,379.99,,,,,superamoled,,8.0
B0D95CN6WH,,3000.0,57.99,59.99,16.0,msmga,android 9.0,5.0,lcd,2024.0,128.0
B0CF2PV74C,"16,16 x 7,38 x 0,8 cm; 174 g",5000.0,174.0,1299.0,256.0,motorola,android 13.0,6.5,lcd,2023.0,8.0
B0B4M3WX5F,"16,51 x 7,62 x 1,02 cm; 170,1 g",,309.99,,,xiaomi,miui 12,6.0,amoled,2022.0,8.0
B0CQKD7NRS,,5100.0,299.98,442.51,,xiaomi,android 13.0,6.67,amoled,2024.0,12.0
B0CQ88L871,"7,63 x 0,85 x 16,17 cm; 190 g",5000.0,322.0,379.0,,,,,amoled,,12.0
B0D2W69J7G,,6300.0,179.99,149.99,,doogee,,6.56,lcd,2024.0,256.0
B0CLLX6C9M,,5000.0,473.99,499.0,,,,,amoled,,12.0
B08PCFKLHM,,,249.0,,,,,,oled,,128.0
B0CW1TXB19,,,189.98,247.14,,,,,,,
B0CYGF23T1,,3000.0,57.99,59.99,16.0,wrtogo,android 9.0,5.0,lcd,,1.0
B0D541RFGR,"7,75 x 0,82 x 16,37 cm; 197 g",5000.0,199.0,239.0,,,,,superamoled,,
B0CS297MLL,"8,01 x 16,9 x 1,02 cm; 240 g",,229.0,303.36,,,,,,,6.0
B0DNF58678,,,114.97,139.0,,,,,,,
B0DCC1GLZZ,,,219.0,,,,,,,,
B0D1KJX9S3,,3700.0,149.99,199.99,8.0,blackview,android 13.0,4.3,lcd,2024.0,12.0
B09MJR298V,,2815.0,443.9,1299.0,,apple,ios 15,6.1,xdr,,128.0
B0DBLWQL1R,"16,7 x 7,7 x 0,79 cm; 189 g",5000.0,106.24,124.99,1024.0,umidigi,android 14,6.75,lcd,2024.0,4.0
B0D6GM4VQ6,"17,27 x 8 x 1,1 cm; 450 g",5150.0,169.99,179.99,256.0,doogee,android 14,6.58,lcd,2024.0,8.0
B0CDGQ7BX8,,3000.0,57.99,149.99,16.0,wrtogo,android 9.0,5.0,lcd,,1.0
B0C5D2T5R2,9 x 18 x 6 cm; 40 g,,129.0,139.99,,,,,amoled,,6.0
B0D5DDPDV7,,,21.84,,,,,,,,
B0DMT2FKS4,,,109.0,119.99,,,,,,,
B0CNQ7J2WD,,5000.0,1032.86,1299.0,,,,,,,256.0
B0B1VD6323,"7,69 x 0,84 x 16,54 cm; 192 g",5000.0,199.99,239.99,,,,,,,128.0
B0D2DBNX7T,,5000.0,199.9,999.99,,,,,,,8.0
B0CQJXXLQG,"16,1 x 7,4 x 0,79 cm; 188 g",5000.0,224.99,286.09,,xiaomi,android 13.0,6.67,amoled,2024.0,8.0
B0DFMDRP6T,"16,3 x 7,57 x 0,77 cm; 370 g",5000.0,191.0,269.0,,,,,amoled,,
B0DKT7LG4F,,5500.0,349.0,349.0,,,,,,,
B08PCDP3LM,,,449.0,,,,,,,,
B0DQY1C84Q,"16,32 x 7,52 x 0,92 cm; 300 g",5000.0,99.99,329.99,128.0,ulefone,android 14,6.56,lcd,2025.0,8.0
B0DFP9QZQW,"16 x 7 x 0,9 cm; 460 g",4300.0,99.99,,8.0,oukitel,android 14,6.52,lcd,2024.0,128.0
B0D8TJKYQW,"16,47 x 7,65 x 0,93 cm; 192 g",4700.0,89.99,149.99,1.0,oscal,android 13.0,6.52,lcd,2024.0,4.0
B08PCFMXN4,,,340.79,1299.0,,,,,oled,,256.0
B0CPXX5K3D,,,399.0,1299.0,,xiaomi,android 10.0,6.67,amoled,2024.0,12.0
B07MJRQY64,"11,11 x 4,95 x 1,44 cm; 20 g",800.0,24.9,54.98,,nokia,android 10,1.8,,2018.0,4.0
B0BZJM3742,"15,2 x 7,29 x 0,9 cm; 190 g",,399.0,1299.0,,google,android 13.0,6.1,,,8.0
B0D7937X6N,,10300.0,139.99,149.99,64.0,fossibot,android 14,6.74,lcd,2024.0,12.0
B0D3F61948,"16,7 x 7,7 x 0,79 cm; 189 g",5000.0,159.99,999.99,6.0,umidigi,android 14,6.75,lcd,2024.0,12.0
B0CTHXXX7V,"16,35 x 7,45 x 0,8 cm; 380 g",5000.0,113.69,329.99,4.0,motorola,android 14,6.6,lcd,2024.0,8.0
B08PCC2N1J,,,249.0,1299.0,,,,,oled,,128.0
B0DL2DC5Z6,,5000.0,259.0,270.33,,realme,android,6.67,lcd,,12.0
B0CTHTJNKB,"16,35 x 7,45 x 0,8 cm; 380 g",5000.0,126.99,1299.0,4.0,motorola,android 14,6.6,lcd,2024.0,8.0
B0CPXZ9F5V,,5000.0,199.9,1299.0,,,,,amoled,,12.0
B0CSGBN5X8,"16,22 x 7,55 x 0,8 cm; 188,5 g",5000.0,169.99,11.99,256.0,xiaomi,android 13.0,6.67,amoled,2024.0,8.0
B0CPYKX9X8,"18,4 x 9,8 x 6,1 cm; 500 g",5000.0,856.29,1299.0,,,,,amoled,,
B08LS9T2Q6,,,175.14,,,,,,,,
B09J38P7CZ,"10,9 x 5,8 x 1,9 cm; 108 g",800.0,48.99,48.99,,,,,,,32.0
B0CTHYTHFT,,5000.0,329.99,449.9,,,,,amoled,,8.0
B0CVQ6SYFK,,,298.0,,,,,,,,
B08PCCZB1H,,,323.19,,,,,,,,
B09Q9ZVXZY,"7,38 x 0,81 x 15,98 cm; 179,5 g",5000.0,164.99,1299.0,,,,,,,4.0
B0DNYZS9DV,,5160.0,139.99,155.0,128.0,xiaomi,androide,6.88,lcd,2024.0,256.0
B09MJSL8MR,,2815.0,369.0,1299.0,,apple,ios 15,6.1,xdr,2018.0,128.0
B0BYMP9KZP,,,215.0,235.0,,,,,,,
B0DL2NSH8Z,,5000.0,270.33,1299.0,,realme,android,6.67,lcd,,12.0
B07PNL5STG,"13,21 x 6,86 x 1,27 cm; 198 g",,17.99,26.99,,iniu,,,,,
B0DF54RNFX,,,89.99,115.99,,suaat,android 14,10.0,,,
B0CYT9HFRF,"16,41 x 7,5 x 0,83 cm; 190 g",,141.01,179.99,,tcl,android,6.56,,,
B0CT8TCT6F,,,95.08,,,,,,,,
B0CVQKCPRT,,,269.0,379.0,,,,,,,
B0DG5SB94T,"18,36 x 8,15 x 1,58 cm; 383 g",8680.0,399.99,569.99,512.0,doogee,android 14,6.78,lcd,2024.0,32.0
B09MJRW2ZM,,2815.0,419.0,89.99,,apple,ios 15,6.1,xdr,,256.0
B0BYMPCWHN,,,269.99,302.98,,,,,,,
B0977N1YK6,,,259.0,,,,,,oled,,
B0CYYD213D,"18 x 9 x 5,5 cm; 550 g",5000.0,112.0,1299.0,,,,,,,
B08PCDNC9W,"6,43 x 0,74 x 13,16 cm; 135 g",,245.0,1299.0,,,,,oled,,128.0
B0DB1JMM3P,"16,45 x 7,54 x 0,9 cm; 192 g",5010.0,237.21,279.99,,,,,,,
B0D4SSH1FX,"9,1 x 18,3 x 3,7 cm; 370 g",33.0,1999.0,1199.0,,,,,,,
B0DFMG5W1B,"16,3 x 7,57 x 0,77 cm; 25 g",5000.0,199.0,1299.0,,,,,amoled,,
B0DP4FG72Q,,5160.0,126.9,159.0,256.0,xiaomi,androide,6.74,amoled,2024.0,8.0
B0DJQJ23Q4,,4700.0,99.99,159.99,4.0,blackview,android 14,6.56,lcd,2025.0,6.0
B0CTHWKD95,,,123.0,,,,,,,,
B0DCC3QKCR,"16,3 x 7,57 x 0,77 cm; 500 g",5000.0,249.0,999.99,,,,,amoled,,
B0DRYSQTBN,"16,5 x 7,6 x 0,79 cm; 350 g",6000.0,178.0,329.99,,realme,android,6.72,lcd,2024.0,256.0
B0CNTS3S1H,"16,2 x 7,78 x 1,62 cm; 390 g",42.0,109.98,149.99,,doogee,android,5.5,lcd,2024.0,8.0
B0DFPRT8V2,,4300.0,75.99,99.99,64.0,oukitel,android 14,6.6,lcd,2024.0,8.0
B0CNSX68K8,16 x 10 x 3 cm; 100 g,5000.0,199.0,13.99,,,,,,,
B0B427JFKT,,4200.0,89.99,,,doogee,android 12.0,6.0,lcd,2024.0,64.0
B0D4M17HS6,,3000.0,56.99,59.99,16.0,msmga,android 9.0,5.0,lcd,,1.0
B0D8TCGKGN,,10600.0,199.99,,256.0,oukitel,android 14,6.52,hd,2024.0,24.0
B0DK18KB59,,5160.0,93.13,1299.0,,xiaomi,android,6.46,lcd,2023.0,8.0
B0CN13F65C,"7,78 x 0,88 x 16,8 cm; 195 g",,129.99,,,,,,,,128.0
B0DFGG12MG,"16,57 x 7,6 x 0,77 cm; 186 g",5100.0,139.0,1299.0,,,,,lcd,,
B00VM0D0W2,"0,28 x 0,03 x 0,54 cm; 540 g",5000.0,361.88,1299.0,,,,,amoled,,12.0
B0D47HKQJM,"16,29 x 7,56 x 0,81 cm; 191 g",5110.0,239.99,329.0,,,,,amoled,,8.0
B0DGPQCDZW,"17 x 12 x 0,8 cm; 480 g",,299.99,,,suaat,android 14,10.0,,,
B0DM282F1G,,5100.0,209.0,999.99,,oppo,,6.67,lcd,2024.0,
B0BW67W2YP,,,224.73,234.93,,,,,,,
B08QXJNJ3Q,"15,17 x 7,12 x 0,79 cm; 247 g",4000.0,369.99,369.99,,,,,superamoled,,8.0
B0BYNS1RSX,,,49.99,59.99,,,,,,,
B0892YG9QW,"7,27 x 0,74 x 15,29 cm; 660 g",3340.0,199.0,,256.0,huawei,android,6.15,,,6.0
B0D3F7HQSS,,5000.0,159.99,239.99,6.0,umidigi,android 14,6.75,lcd,2024.0,12.0
B0CMJL12C7,,5000.0,230.91,999.99,,,,,amoled,,8.0
B0CLLW4Q5K,,5000.0,367.95,399.0,,,,,amoled,,12.0
B0D2HBDDYH,"16,8 x 7,8 x 0,94 cm; 209 g",5150.0,99.99,129.99,128.0,oukitel,android 14,6.8,lcd,2024.0,18.0
B0CMGRFD4Y,"16,4 x 8,15 x 1,54 cm; 600 g",6300.0,145.99,999.99,128.0,oukitel,android 14,2.36,lcd,2024.0,12.0
B0CNVFR3RT,"16,5 x 7,6 x 0,91 cm; 187 g",4200.0,66.49,69.99,,doogee,android 13.0,6.52,lcd,2024.0,9.0
B0D1GWYH9X,18 x 9 x 4 cm; 370 g,5000.0,89.73,1299.0,,,,,,,3.0
B0DPN2THGT,,,249.99,499.99,,,,,,,
B0CTJ14LYK,,,339.99,449.9,,,,,,,
B0CRF77622,"16,16 x 7,38 x 0,8 cm; 182 g",5000.0,179.99,249.0,,,,,,,256.0
B0DHZ76JGF,"16,71 x 7,65 x 0,76 cm; 394 g",5000.0,79.99,82.99,128.0,realme,android,6.74,lcd,2024.0,3.0
B09MJR5TDJ,,,468.0,,,,,,,,
B0CW91V2LM,"16,1 x 7,7 x 1,5 cm; 300 g",6000.0,199.99,199.99,8.0,blackview,android 13.0,6.75,lcd,2024.0,256.0
B0DG6DR296,,5160.0,134.99,169.9,,,,,,,
B08QXQK357,"16,15 x 7,56 x 0,78 cm; 304 g",4800.0,389.0,399.99,,,,,amoled,,8.0
B09MJTK6HR,,2815.0,486.77,,,apple,ios 15,6.1,xdr,,128.0
B0CN11GSWM,"7,62 x 0,91 x 16,58 cm; 193 g",20.0,89.99,199.99,,doogee,android 13.0,6.52,lcd,2024.0,256.0
B0CPXXKH23,"16,1 x 7,49 x 0,79 cm; 500 g",5000.0,179.85,999.99,,,,,amoled,,12.0
B0CBSCBNR7,"16 x 7,32 x 0,79 cm; 183,5 g",3600.0,185.19,999.99,,,,,amoled,,8.0
B08PCD77DV,"14,97 x 8,23 x 2,83 cm; 229 g",4.0,245.0,1299.0,,,,,,,128.0
B0DNJZBNRD,,5000.0,179.0,199.0,,,,,,,
B0DG2XNT7N,,4300.0,119.99,239.99,128.0,oukitel,android 14,6.52,lcd,2024.0,16.0
B0DQ45564Y,,5000.0,219.0,249.0,,,,,,,
B0DD7NNBM4,"17,41 x 2,07 x 8,12 cm; 269 g",15500.0,229.99,289.99,256.0,doogee,android 14,6.56,lcd,2024.0,20.0
B0D6GM1GJD,,,57.99,59.99,,,,,,,
B0DKNSPTTS,"16,32 x 7,59 x 0,79 cm; 190 g",5000.0,299.0,329.0,,,,,,,
B09MJQQ5GS,,2815.0,378.0,,,apple,ios 15,6.1,xdr,2018.0,128.0
B0CNQ7VJ6H,,5000.0,872.03,1299.0,,,,,,,256.0
B0D95CMS4W,,,57.99,,,,,,,,
B0DLG8TGS9,,,106.24,124.99,,,,,,,
B071HTGC1R,"5,1 x 1,28 x 11,56 cm; 60 g",1200.0,55.0,89.99,32.0,nokia,no operating system,,lcd,2017.0,16.0
B0BTPFDYNM,,,114.0,134.89,,,,,,,
B0DPFXGKCD,"16,48 x 7,56 x 0,87 cm; 550 g",,199.99,329.99,2.0,oscal,android 14,6.67,lcd,2024.0,256.0
B0CNKKTKL7,,5000.0,547.8,1299.0,,xiaomi,android 13.0,,amoled,2024.0,12.0
B0C32PFLF8,"0,82 x 7,78 x 17,19 cm; 200 g",18.0,112.22,122.01,8.0,xiaomi,android 14,,lcd,2024.0,128.0
B0CGJJZD1P,,,119.0,137.67,5.0,xiaomi,android,6.79,lcd,2023.0,4.0
B0CGVTTZ7B,"0,88 x 7,65 x 16,26 cm; 211 g",5025.0,619.25,,,,,,oled,,12.0
B0CV7XZZNG,"11,42 x 12,68 x 12,52 cm; 200 g",5000.0,999.0,1299.0,,,,,,,
B0D2QHF5X4,"16,32 x 7,58 x 0,78 cm; 185,5 g",5000.0,219.0,1299.0,256.0,vivo,android 14,6.67,amoled,2024.0,8.0
B0DJ35H4MF,,,420.0,,,,,,,,
B0CNQ974BZ,,5000.0,899.0,999.0,,,,,,,256.0
B0D9LQ7KD5,,5030.0,149.99,1299.0,,xiaomi,"android 14, hyperos",6.67,amoled,2024.0,8.0
B0DKDSXRBS,,,198.99,,256.0,oppo,,2.63,,2024.0,8.0
B0CQQ18GQ2,,,279.99,20.01,,,,,,,
B0DPHSL9FP,,,218.59,299.0,,,,,,,
B0D5CWSQJD,"16,7 x 7,7 x 0,79 cm; 390 g",5000.0,129.99,149.99,,umidigi,android 14,6.75,lcd,2024.0,6.0
B0C5Y53G65,50 x 50 x 28 cm; 179 g,4500.0,194.99,299.0,,,,,,,8.0
B0CQKGMRMM,,5100.0,379.99,10.0,,xiaomi,android 13.0,6.67,amoled,2024.0,12.0
B0DK3R64PY,"16,32 x 7,52 x 0,87 cm; 250 g",5000.0,79.99,89.99,32.0,ulefone,android 14 go,6.56,lcd,2024.0,6.0
B0DHZ44FHF,,,299.0,,,,,,,,
B0DLP55HCZ,"8,12 x 1,58 x 17,4 cm; 326 g",10300.0,169.99,219.99,,doogee,android 14,6.6,lcd,2024.0,256.0
B0CXPYTGX4,"16,16 x 7,47 x 0,75 cm; 177 g",3600.0,230.94,1299.0,,,,,amoled,,
B0D8LH33XB,"16,26 x 7,5 x 0,8 cm; 199,5 g",5500.0,469.0,499.0,,,,,amoled,,12.0
B0CC32DV6P,"16,15 x 7,38 x 0,8 cm; 177,2 g",5000.0,136.4,1199.0,128.0,motorola,android 13.0,6.5,lcd,2023.0,4.0
B0DR8X2Y1Z,,5000.0,99.99,159.99,2.0,oscal,android 14,6.56,lcd,2025.0,64.0
B0DKP63HXT,,5500.0,239.9,239.9,,,,,,,
B0DNYZ58R1,,5160.0,134.27,139.0,256.0,xiaomi,androide,6.74,amoled,2024.0,8.0
B0DFWQWSSC,,5000.0,179.2,1299.0,,,,,lcd,,
B0CLLWJ418,,5000.0,311.58,999.99,,,,,amoled,,12.0
B0DCNRR93M,6 x 20 x 28 cm; 430 g,15500.0,194.03,289.99,256.0,doogee,android 14,6.56,lcd,2025.0,
B0CNTNT6P8,"16,2 x 7,78 x 1,62 cm; 390 g",6300.0,109.98,149.99,,doogee,android 13.0,5.5,lcd,2024.0,8.0
B0DP72PCZ3,"15,2 x 7,4 x 1,7 cm; 85 g",,37.99,,,shieldon,,6.3,,,
B0D8LJ2MZM,,,468.98,499.0,,,,,,,
B0CX2G43YF,17 x 7 x 7 cm; 180 g,5000.0,229.0,,,,,,,,
B0CKLTZRX7,"16,15 x 0,8 x 7,38 cm; 175 g",5000.0,97.58,1299.0,,,,,,,8.0
B0D943P449,,10800.0,179.99,189.99,,doogee,android 14,6.58,amoled,2024.0,20.0
B0B8PBZC8S,"15,9 x 0,7 x 7,4 cm; 173 g",,169.0,217.66,128.0,xiaomi,android,40.55,amoled,2022.0,8.0
B0DBZJYD2T,,10100.0,299.99,379.99,20.0,doogee,android 14,6.72,amoled,2024.0,32.0
B0CMGM6642,"16,4 x 8,15 x 1,54 cm; 590 g",6300.0,149.99,999.99,,oukitel,android 14,2.36,lcd,2024.0,12.0
B0DG6LN2BH,,5160.0,169.9,169.9,,,,,,,
B0DNK43C2P,,5000.0,179.0,199.0,,,,,,,
B0CQ499V98,,10600.0,159.99,379.99,256.0,cubot,android 13.0,6.52,lcd,2024.0,12.0
B07NS5QPJM,"147,7 x 68,71 x 8,51 cm; 199,58 g",3000.0,97.89,1299.0,400.0,samsung,android,5.8,amoled,2018.0,4.0
B0CQHTLPFC,"16,11 x 7,49 x 0,76 cm; 174 g",5000.0,179.9,1299.0,,,,,amoled,,8.0
B0D5B6PR4C,,,299.98,299.98,,,,,,,
B0DLGR3WYC,,5110.0,279.99,299.9,,,,,,,
B08PCB8QCV,"7,14 x 0,74 x 14,68 cm; 189 g",4.0,343.0,,,,,,oled,,128.0
B0BW68WVK3,,3600.0,82.0,87.65,,,,,lcd,,512.0
B0CTHYMB3H,,5000.0,245.9,245.9,,,,,,,8.0
B07QZN6DGK,10 x 10 x 10 cm; 166 g,3400.0,119.89,,512.0,samsung,android 9.0,6.2,lcd,2019.0,2.0
B0D3QCFYP2,"7,68 x 0,88 x 16,88 cm; 211,6 g",19.0,179.99,249.99,2048.0,ulefone,android 13.0,6.78,lcd,2024.0,12.0
B0DDTRLXM6,"8,39 x 1,58 x 18,37 cm; 383 g",8680.0,569.99,329.99,512.0,doogee,android 14,6.78,lcd,2024.0,12.0
B0D2RTDNLB,"16,35 x 7,45 x 0,8 cm; 181 g",5000.0,6.99,,,,,,,,
B0D8QCWYC5,"8,31 x 1,79 x 17,85 cm; 630 g",10800.0,179.99,189.99,,doogee,android 14,6.58,amoled,2024.0,256.0
B0DP6YY4JW,"14,9 x 7,5 x 1,7 cm; 80 g",,37.99,,,shieldon,,6.1,,,
B0CCW6FBLS,"15,96 x 0,78 x 7,2 cm; 170 g",5000.0,235.0,399.0,,,,,oled,,12.0
B0CCYPD7MS,"16 x 7,4 x 0,8 cm; 160 g",5000.0,234.99,299.0,,,,,,,256.0
B09QH4B1Q5,"7,47 x 0,81 x 15,95 cm; 310 g",5000.0,329.98,449.0,,,,,superamoled,,6.0
B0CFV31YBL,"16,37 x 7,54 x 0,92 cm; 199 g",5150.0,89.99,119.99,,oukitel,android 14,6.56,lcd,2023.0,12.0
B0DHZ6LBT8,"16,71 x 7,65 x 0,76 cm; 360 g",5000.0,79.99,86.99,128.0,realme,android,6.74,lcd,2024.0,3.0
B0CC2W7JVH,"16,15 x 7,38 x 0,8 cm; 177,2 g",5000.0,107.16,149.99,128.0,motorola,android 13.0,6.5,lcd,2023.0,4.0
B0D83KY2ZB,,,332.92,332.92,,,,,,,
B0CQJRHSDR,,,231.53,1299.0,,,,,,,
B0C6K9BCXF,,,179.0,999.99,,,,,,,
B0CCYT8Q2X,"15,98 x 7,44 x 0,76 cm; 160 g",5000.0,244.99,299.0,,,,,,,256.0
B0DBVB3K5C,"16,19 x 0,76 x 7,31 cm; 170 g",5000.0,198.0,198.0,256.0,motorola,android 12.0,6.67,oled,2023.0,8.0
B0CX272D4J,,,229.0,,,,,,,,
B09QS7K6CP,,,156.99,156.99,,,,,,,
B0CH9YRDCC,"16,56 x 7,6 x 0,8 cm; 192 g",5000.0,169.0,499.99,,,,,oled,,6.0
B0DFGG8WRX,"16,57 x 7,6 x 0,77 cm; 186 g",5100.0,139.0,139.0,,,,,lcd,,
B0DMP6PMTB,,5910.0,1249.0,,,,,,,,
B0CNKHZFPN,,5100.0,304.99,499.99,,xiaomi,android 13.0,,amoled,2024.0,8.0
B0D8TCYZGD,,10600.0,149.99,199.99,256.0,oukitel,android 14,6.52,hd,2024.0,24.0
B0BZJLDPN2,"15,2 x 7,29 x 0,9 cm; 190 g",,999.0,499.99,,google,android 13.0,,,,8.0
B08PCCM1GC,,,343.99,,,,,,oled,,128.0
B0BZJK1ZTY,"15,2 x 7,29 x 0,9 cm; 194 g",,328.3,999.99,,google,android 13.0,6.1,,,8.0
B08QXKJGDG,"15,17 x 7,12 x 0,79 cm; 169 g",4000.0,369.0,369.0,,,,,superamoled,,8.0
B0DLGVSDL8,,5110.0,279.99,299.9,,,,,,,
B0DCC3FQJ3,,,219.0,10.0,,,,,,,
B0CXPW466P,,5000.0,84.0,94.0,128.0,xiaomi,android 13.0,6.71,lcd,2024.0,4.0
B0DN159HMH,,5150.0,169.99,,256.0,oukitel,android 14.0 smartphone,6.56,lcd,2025.0,24.0
B0CY55HJNM,"7,58 x 0,86 x 16,38 cm; 186 g",5150.0,89.99,129.99,128.0,doogee,android 14,6.56,lcd,2024.0,9.0
B0DJV1HBJB,,3000.0,56.99,59.99,16.0,msmga,android 9.0,5.0,lcd,,1.0
B09MJV1MZG,,2815.0,369.0,549.0,,apple,ios 15,6.1,xdr,2018.0,128.0
B0DF53WQ2P,"17 x 0,8 x 12 cm; 480 g",,89.99,115.99,,suaat,android 14,10.0,,,
B0BMLW1BTG,"19,55 x 7,32 x 0,87 cm; 195,5 g",4355.0,239.0,499.99,128.0,google,android 13.0,6.3,oled,2022.0,8.0
B0CSG7MM7L,,,167.0,1199.0,,,,,,,
B09QH5NB1Z,"7,47 x 0,81 x 15,95 cm; 190 g",5000.0,329.99,449.0,,,,,superamoled,,6.0
B0D8TDLW99,,,89.99,1199.0,,,,,,,
B0DM5HJKRY,,10600.0,139.99,1199.0,,oukitel,android 14,6.52,lcd,2025.0,64.0
B0CBDZ5NGK,"7,64 x 0,87 x 16,5 cm; 184 g",4400.0,139.99,146.99,128.0,ulefone,android 13.0,6.52,amoled,,4.0
B09Q1VZ3KK,,1000.0,62.0,569.99,16.0,hipipooo,android 8.1,2.5,lcd,2025.0,1.0
B0CG196RT9,"17,4 x 0,82 x 1,93 cm; 438 g",18.0,149.99,169.99,,blackview,android 14,6.56,lcd,2024.0,128.0
B0CM45HWHC,,5200.0,119.95,999.99,,,,,,,256.0
B0DF8331S3,"16,58 x 7,61 x 0,77 cm; 200 g",5100.0,199.0,499.99,,,,,lcd,,
B0DB82T9RS,"18,37 x 8,39 x 1,63 cm; 383 g",8680.0,499.99,639.99,512.0,doogee,androide 14,6.78,lcd,2024.0,36.0
B0DR8D6RYQ,"8,31 x 1,79 x 17,85 cm; 379 g",10800.0,279.99,329.99,512.0,doogee,android 14,6.6,lcd,2025.0,32.0
B0BXSMBVJF,,5130.0,128.48,179.0,,,,,,,4.0
B0C1FJBG8P,"75,57 x 7,62 x 2,03 cm; 610 g",10600.0,159.99,,,fossibot,android 13.0,5.45,lcd,,128.0
B0CLL5GTDW,"7,62 x 2,03 x 15,57 cm; 350 g",10600.0,139.99,149.99,64.0,fossibot,android 13.0,5.45,amoled,2018.0,7.0
B0DHRSYD7V,,5100.0,99.99,129.99,128.0,cubot,android 14,6.75,lcd,2024.0,12.0
B0CQLPRTFN,"16,1 x 7,49 x 0,79 cm; 500 g",5000.0,189.0,1299.0,256.0,xiaomi,android 13.0,6.67,amoled,2024.0,8.0
B0D5D5Z1H2,"16,7 x 7,7 x 0,79 cm; 189 g",5000.0,84.99,99.99,,umidigi,androide 14 go,6.75,lcd,2024.0,4.0
B0DD9TGXLF,,4500.0,99.9,549.0,,honor,android 14,6.56,lcd,,4.0
B0DHRZTPTQ,,5150.0,129.99,329.99,256.0,oukitel,android 13.0,6.7,hd+,2024.0,24.0
B0CDGH35BB,"16,86 x 7,63 x 0,82 cm; 198,5 g",5000.0,174.89,499.99,,,,,lcd,,8.0
B08VNWR1MR,"0,89 x 7,58 x 16,4 cm; 205 g",5000.0,199.98,499.99,,,,,,,3.0
B09J4YTH9N,"17,02 x 7,79 x 1,59 cm; 610 g",10000.0,199.0,,,oukitel,android 11.0,6.52,lcd,2022.0,6.0
B0CQJSFRPR,"0,8 x 7,42 x 16,12 cm; 190 g",5000.0,160.01,,,,,,amoled,,8.0
B0CGVNVD8R,"0,89 x 7,08 x 15,05 cm; 187 g",4575.0,431.04,999.99,,,,,oled,,8.0
B0CSFYBGG1,,6320.0,220.98,569.99,,,,,,,
B0D4DYWF3H,,,529.0,499.99,12.0,honor,android 14,6.78,oled,2024.0,512.0
B06XW81R9G,"7,3 x 0,8 x 15,5 cm; 173 g",3500.0,219.98,149.99,256.0,samsung,android,6.2,amoled,2017.0,4.0
B0B59RCLJZ,,2200.0,104.47,499.99,,ciciglow,android 6.0,5.0,lcd,,128.0
B0B82BH283,,2900.0,52.99,999.99,16.0,qrzrq,android 9.0,5.0,lcd,,1.0
B0C33QTNDX,"7,76 x 1,5 x 16,15 cm; 273 g",6580.0,159.99,499.99,64.0,blackview,android 12.0,6.1,amoled,2021.0,7.0
B0DJL3RGDC,"11,42 x 12,68 x 12,52 cm; 500 g",5000.0,98.68,2.73,,,,,,,
B0CMQQN97D,,600.0,25.99,499.99,32.0,ttfone,ttfone,1.8,lcd,2023.0,
B0D4TPXNNG,"7,74 x 0,91 x 16,78 cm; 214 g",6000.0,179.99,999.99,256.0,blackview,android 13.0,6.75,amoled,,16.0
B09Q4DRPZM,"7,58 x 0,76 x 15,74 cm; 195 g",4500.0,499.98,519.99,,,,,superamoled,,256.0
B0DQKWX5MP,"16,24 x 0,82 x 7,62 cm; 490 g",5150.0,260.0,,256.0,oukitel,android 14,6.7,amoled,2025.0,24.0
B0CZXTCJH4,"11,42 x 12,68 x 12,52 cm; 340 g",5000.0,296.9,296.9,,,,,superamoled,,
B0CN12K224,16 x 3 x 8 cm; 197 g,,244.99,343.02,,,,,amoled,,256.0
B0D7HZ6Z8P,"17,22 x 8,07 x 1,71 cm; 680 g",10600.0,169.99,499.99,256.0,oukitel,android 13.0,6.52,lcd,2024.0,12.0
B0CZP3861L,"16 x 7,44 x 0,76 cm; 179,9 g",5000.0,279.0,748.0,,,,,,,
B0CQRT4TSV,"0,92 x 7,58 x 16,48 cm; 202 g",4500.0,96.54,114.9,,,,,,,
B0D4831B2N,"14,3 x 6,7 x 1,56 cm; 154 g",1800.0,119.99,119.99,,,,,,,
B0CVX7S16Z,,5000.0,217.0,499.99,,,,,amoled,,
B0DP9JL5MQ,,6500.0,799.0,329.99,,realme,,6.78,oled,,12.0
B0D1GC8HPX,,3600.0,119.0,499.99,,honor,android 13.0,,lcd,2024.0,4.0
B0D1GB3V2R,"16,19 x 0,78 x 7,31 cm; 175 g",5000.0,344.99,499.99,512.0,motorola,androide 14,6.67,oled,2024.0,12.0
B0BN67SBXK,,,44.4,146.99,,luqeeg,android 4.4,4.66,,,128.0
B0BZ884CZ9,"16,57 x 7,58 x 0,97 cm; 490 g",,129.99,139.99,,cubot,android 13.0,6.58,1920 x 1080 pixels,,16.0
B0D45VFT26,,4000.0,1149.0,1329.0,,,,,,,
B0DP61TSMT,"8,31 x 1,79 x 17,85 cm; 371 g",10800.0,279.99,499.99,,doogee,android 14,6.6,lcd,2025.0,512.0
B0C9TW6KQH,50 x 50 x 28 cm; 172 g,4300.0,799.0,499.99,,,,,amoled,,8.0
B0C4T4N3Z3,,,50.0,,,qubo,android 10.0,2.4,lcd,,32.0
B0CYCGR52W,,5000.0,137.69,499.99,8.0,xiaomi,android 13.0,,lcd,2024.0,16.0
B0759QPPKN,6 x 3 x 2 cm; 18 g,,27.0,99.99,,hipipooo,kaios,2.5,oled,2019.0,32.0
B09B11HGMS,"16,6 x 7,22 x 0,69 cm; 183 g",,629.99,,,,,,,,8.0
B0CMJKP1HM,,5100.0,286.83,,,,,,amoled,,12.0
B0CTKQS5XY,,,46.99,49.99,,tcl,,,,,
B0DJL42HZS,"18,5 x 9,5 x 5 cm; 482 g",5000.0,89.0,499.99,,,,,,,
B0CK77GJYW,"0,8 x 7,38 x 16,16 cm; 180 g",5000.0,167.89,999.99,256.0,motorola,android 13.0,,amoled,2022.0,8.0
B0DMP72N29,"10,2 x 8,1 x 16,2 cm; 180 g",800.0,55.99,,,cocomm,android nucleus version,1.8,lcd,2024.0,32.0
B0B4F2L38W,"16,37 x 7,64 x 0,78 cm; 500 g",5000.0,128.28,499.99,,,,,,,4.0
B0DRVGLDR9,"0,84 x 7,44 x 16,23 cm; 190 g",5110.0,239.81,249.0,,xiaomi,hyper os,6.67,amoled,2025.0,8.0
B0BJFBW7T5,,4000.0,153.13,,,dpofirs,android 12.0,6.7,lcd,,128.0
B0BVZ62V6Z,"16,88 x 7,64 x 0,88 cm; 192 g",5000.0,179.0,499.99,,,,,led,,4.0
B0BD5RBRCM,,,92.42,,,,,,lcd,,1.0
B07NWR7QYQ,"7,04 x 0,78 x 14,9 cm; 155,92 g",,269.99,,,,,,,,8.0
B0CLV7XMVC,,3000.0,169.99,,,doogee,android 13.0,4.5,lcd,2023.0,256.0
B0CMBMGNF5,"16,8 x 7,8 x 0,81 cm; 192 g",5000.0,141.77,141.77,256.0,xiaomi,android 13.0,6.74,lcd,2024.0,8.0
B0DLGW384T,,5110.0,299.9,349.9,,,,,,,
B0CXJ21G46,,10800.0,259.99,319.99,512.0,doogee,android 14,6.58,lcd,2024.0,20.0
B0CG2G37LR,,5000.0,179.16,179.16,,xiaomi,android,6.58,fhd+,,4.0
B0CKZ7Z824,"16,5 x 7,6 x 1 cm; 217 g",5200.0,149.99,179.95,,cubot,android,6.58,ips,2023.0,512.0
B0DFGHQSXC,"16,57 x 7,6 x 0,77 cm; 186 g",5100.0,169.0,179.0,,,,,lcd,,
B0D7TZX1CS,"15,28 x 7,2 x 0,85 cm; 190 g",4700.0,749.0,999.0,,,,,,,
B07N4TBJCH,,800.0,29.99,569.99,,ukuu,kaios,1.8,lcd,,32.0
B0CW6M11F5,,,129.9,499.99,128.0,motorola,android,6.5,lcd,2024.0,4.0
B01DYN5N06,"7,26 x 0,75 x 14,68 cm; 147 g",3000.0,448.96,499.99,16.0,huawei,android,5.2,ips,2016.0,3.0
B0BD5DKTSV,,,112.78,499.99,,bewinner,android 6.0,2.5,lcd,,1.0
B0DFGG7DM5,"16,57 x 7,6 x 0,77 cm; 200 g",5100.0,132.0,159.0,,,,,lcd,,
B0D5H9TKYC,,5150.0,189.99,,,oukitel,android 14,6.8,lcd,2024.0,24.0
B0C4MKYM4G,,,55.22,,,winh,android 10.0,5.0,,,16.0
B0CXJDX8XY,"15,2 x 7,27 x 0,89 cm; 187 g",4404.0,399.0,549.0,,,,,,,
B0CBL2S1G3,,,30.96,,,jectse,,,,,
B0CX97HDL9,"16,82 x 7,55 x 0,81 cm; 195 g",5010.0,140.97,169.99,,,,,,,
B0B576W915,,,69.71,,,elprico,,,,,
B0DK4NBZWB,,,319.0,499.99,,oppo,,6.67,,2024.0,
B0BCL14B2W,"15,96 x 7,48 x 0,81 cm; 189 g",5000.0,154.0,,8.0,samsung,android,6.5,amoled,2022.0,6.0
B0BW8Q1MBR,"16,88 x 7,64 x 0,88 cm; 192 g",5000.0,201.49,201.49,,,,,lcd,,4.0
B0CC6CYHY6,"16,15 x 0,8 x 7,38 cm; 175 g",5000.0,85.65,499.99,,,,,lcd,,4.0
B09C5VPH9B,,,44.32,,,ciciglow,android,4.66,lcd,,4.0
B00J8OA220,"25,4 x 22,86 x 10,16 cm; 318 g",160.0,933.0,54.98,,inmarsat,windows,2.0,lcd,,2.0
B0DC742WFC,"12,7 x 5,4 x 1,1 cm; 87 g",,33.24,999.99,,nokia,android,2.4,,,
B0B5T56H95,,3200.0,62.51,,,goshyda,android 6.0,5.5,,,128.0
B0CG6M6J58,"11 x 4,9 x 0,9 cm; 180 g",800.0,21.99,499.99,,ttfone,ttfone,1.8,lcd,2023.0,32.0
B0CHVBHCFS,,5180.0,89.99,,,blackview,android 13.0,6.52,lcd,2024.0,128.0
B0D8Q8P4TQ,"16,37 x 7,54 x 0,81 cm; 186 g",5000.0,149.0,149.0,,,,,,,
B0C7KT6NGR,"16,86 x 7,63 x 0,82 cm; 400 g",5000.0,101.93,499.99,,,,,,,4.0
B0DG64L8QX,,5160.0,129.99,149.9,,,,,,,
B0CNQ6KY5J,,5000.0,799.0,969.0,,,,,,,256.0
B0CY2QDX4C,"7,58 x 0,86 x 16,38 cm; 186 g",5150.0,89.99,129.99,256.0,doogee,android 14,6.56,lcd,2024.0,9.0
B0B8Z8PDKF,,2800.0,59.4,,,zunate,android 6.0,4.66,,,128.0
B09RMRTHTZ,"10,85 x 5,8 x 1,9 cm; 128 g",,57.78,57.78,,,,,lcd,,4.0
B0CFL7L4QS,,1800.0,35.99,54.98,,ukuu,android 10.0,1.8,lcd,,32.0
B0DDTCYLCP,"16,6 x 8,1 x 1,5 cm; 268 g",6300.0,179.99,289.99,256.0,oukitel,android 14 movil,6.0,lcd,2024.0,24.0
B08XBL4TS9,,2200.0,152.69,,,sorandy,android 6.0,5.5,,,1.0
B0D1BN9LSB,"8,56 x 2,28 x 18,46 cm; 516 g",15080.0,349.99,199.99,256.0,blackview,android 13.0,6.7,amoled,2022.0,21.0
B0C69YZYYJ,"1,39 x 5 x 11,6 cm; 73 g",800.0,17.0,19.9,,,,,,,
B0C53BYHZZ,,6580.0,123.99,199.99,,blackview,android 14,6.1,lcd,2024.0,64.0
B0DJ77CWMZ,,,64.82,,,bewinner,,3.0,,,16.0
B0CT8S7NC8,"16,37 x 7,5 x 0,82 cm; 250 g",3600.0,95.0,499.99,,,,,lcd,,
B0DCZ4ZT4Q,,6300.0,109.99,199.99,64.0,doogee,android 14,5.5,lcd,2024.0,8.0
B0DHLK7C6P,,,63.54,499.99,,pusokei,basic feature phone os,1.77,,,16.0
B0CZXSLK4D,"11,42 x 12,68 x 12,52 cm; 340 g",5000.0,379.0,499.0,,,,,superamoled,,
B0CS3VWCC4,"16,16 x 7,38 x 0,8 cm; 174 g",5000.0,170.0,999.99,256.0,motorola,android 13.0,6.5,lcd,2024.0,8.0
B0D5H81PTY,,5100.0,79.99,239.99,,cubot,android 13.0,6.56,lcd,2024.0,4.0
B0DR8Q2TSB,,5160.0,79.0,99.0,,xiaomi,android 14,6.81,lcd,,4.0
B0DKP53482,,6000.0,399.99,429.9,,,,,,,
B0DQTBNBFK,,2850.0,64.99,329.99,,xgody,android 14,5.5,lcd,2025.0,16.0
B0D95Z6BJ2,,10600.0,139.99,999.99,64.0,oukitel,android 14,6.52,lcd,2024.0,16.0
B09DP7YYWX,"7,75 x 1,38 x 15,8 cm; 235 g",,139.99,,32.0,ulefone,android 11.0,5.5,amoled,,3.0
B08FXRH82S,"7,37 x 0,79 x 16,18 cm; 188 g",4500.0,369.99,369.99,128.0,samsung,android 10.0,6.7,amoled,2020.0,12.0
B0D5RDYHSZ,"16,35 x 7,45 x 0,8 cm; 180 g",5000.0,78.0,549.0,64.0,motorola,android,6.56,lcd,,2.0
B0DKT9VD51,,,89.99,999.99,,doogee,android 13.0,6.56,lcd,,20.0
B07NDDDJRN,"7,4 x 0,8 x 14,9 cm; 157 g",3400.0,279.99,449.9,,,,,amoled,,8.0
B08X7C6SLQ,"0,87 x 7,36 x 16,32 cm; 197 g",4500.0,861.3,861.3,,oneplus,android 11.0,6.7,lcd,2018.0,8.0
B0BCKXGDGR,50 x 50 x 28 cm; 143 g,,89.99,89.99,,,,,,,
B0DL93KNRY,"0,82 x 7,78 x 17,19 cm; 200 g",18.0,109.22,120.0,8.0,xiaomi,android 14,,lcd,2024.0,128.0
B0CJFMQTY5,"9,4 x 4,74 x 1,25 cm; 84 g",3.0,79.99,499.99,,zokoe,android 9.0,3.0,lcd,2023.0,3.0
B0C8SG5ND3,"7,64 x 0,87 x 16,5 cm; 184 g",4400.0,179.99,,256.0,ulefone,android 13.0,6.52,amoled,,8.0
B0CL4VX9CZ,,22000.0,295.99,369.99,,ulefone,android 14,6.78,lcd,2023.0,256.0
B07WDKKP6L,"16,36 x 7,56 x 0,84 cm; 185 g",5000.0,143.04,146.99,,,,,,,
B07NWLZMGJ,"7,4 x 0,78 x 15,7 cm; 175 g",,290.0,290.0,,,,,,,8.0
B0BFDC8S2N,,,94.68,,,ciciglow,android,2.5,lcd,,8.0
B0D2L3S4ZY,,5500.0,469.99,499.99,,,,,amoled,,
B097P2RTJ6,"7,78 x 73,76 x 159,96 cm; 175 g",4300.0,339.0,999.99,,,,,amoled,,6.0
B0DRD6HP66,,5500.0,156.97,,,xiaomi,android 12.0,6.67,amoled,,6.0
B0CKWDPR95,"16,5 x 7,62 x 0,91 cm; 430 g",4200.0,119.99,569.99,,doogee,android 13.0,6.52,lcd,2013.0,20.0
B0CZDDP7QF,,2500.0,289.0,499.99,,oneplus,oxygen os,6.7,amoled,2023.0,256.0
B0D5R9QNJH,,5000.0,629.99,899.0,,,,,,,12.0
B08778JXCT,,3500.0,208.55,299.0,,,,,superamoled,,4.0
B0D3Q96GDL,"7,68 x 0,88 x 16,88 cm; 211,6 g",19.0,179.99,249.99,2048.0,ulefone,android 13.0,6.78,lcd,2024.0,12.0
B0D72XHQBG,,5500.0,449.99,449.99,,,,,,,12.0
B0DKNKWT9B,,5180.0,124.99,499.99,128.0,blackview,android 14,6.56,lcd,2024.0,12.0
B0CFTRMJHT,,4860.0,113.99,146.99,64.0,ulefone,android 14,5.45,lcd,2023.0,8.0
B0BW41XL4Z,50 x 50 x 28 cm; 182 g,3000.0,380.0,499.99,,,,,,,32.0
B0DMF4QFR2,,5300.0,229.0,499.99,256.0,honor,"magicos 7.2, android 13.0",6.78,amoled,2022.0,8.0
B0CLR55PGM,,5000.0,124.99,499.99,,samsung,android,,amoled,,4.0
B09688TN93,"1,18 x 5,85 x 12,13 cm; 102 g",1400.0,44.95,49.99,,,,,,,
B08HNWHVQK,"165,3 x 76,8 x 9 cm; 215 g",4820.0,329.0,329.0,,,,,lcd,,6.0
B08Z5ZX1XC,,2200.0,123.38,,,goshyda,android 6.0,5.45,hd,,1.0
B0C86M1H8Q,,3700.0,1329.0,499.99,,,,,,,512.0
B0CMX16QF1,"9,51 x 4,96 x 1,87 cm; 116 g",2000.0,209.99,54.98,,unihertz,android 13.0,3.0,lcd,2023.0,8.0
B0BQRRTDZV,,4700.0,699.99,699.99,,,,,amoled,,12.0
B0D5YM61M2,"8 x 1,07 x 17,27 cm; 240 g",5150.0,149.99,209.99,256.0,doogee,android 14,6.56,lcd,2024.0,16.0
B0CZTTDTC7,18 x 9 x 4 cm; 200 g,5000.0,225.99,237.0,,,,,amoled,,8.0
B0BNK71JYH,"7,61 x 0,87 x 16,43 cm; 193 g",4480.0,159.99,499.99,128.0,blackview,android 12.0,6.56,amoled,,8.0
B0D4CGL6ZF,,3000.0,59.34,499.99,16.0,mtgud,android 9.0,5.0,lcd,2018.0,1.0
B0CPPC89D9,,5300.0,229.9,999.99,,honor,android 13.0,6.78,amoled,2024.0,8.0
B0CYJ219D5,"18 x 9,4 x 4 cm; 370 g",5000.0,129.97,129.97,,,,,,,8.0
B0CFL3VLX7,,4860.0,113.99,146.99,64.0,ulefone,android 14,5.45,lcd,2023.0,8.0
B0DJY6QMJR,"16,78 x 7,74 x 0,91 cm; 320 g",11.0,118.99,139.99,256.0,ulefone,android 14,6.75,lcd,2024.0,8.0
B0CN14MGVF,"7,78 x 1,62 x 16,25 cm; 262 g",6300.0,119.99,159.99,128.0,doogee,android 13.0,5.5,lcd,2024.0,8.0
B00TUXHZTW,"4,6 x 1,9 x 9,1 cm; 74 g",800.0,48.67,48.67,128.0,doro,symbian,2.0,lcd,2015.0,16.0
B0DM5QLHR2,"16,7 x 7,7 x 0,79 cm; 189 g",5000.0,84.99,99.99,,umidigi,android 14 go0,6.75,lcd,2024.0,4.0
B0BWJVRFSJ,,5000.0,559.73,499.99,,,,,amoled,,
B0CXTPFDYC,,1000.0,29.99,499.99,,azuiqimeng,android 8.0,1.8,lcd,2024.0,32.0
B07WGP3R5Z,"16,36 x 7,56 x 0,84 cm; 185 g",5000.0,1579.0,,,,,,,,
B0DCJSVXB8,"0,83 x 0,26 x 0,18 cm; 790 g",22000.0,469.98,589.99,512.0,doogee,android 14,6.58,lcd,2024.0,32.0
B0CD1M3DSD,,10600.0,148.99,499.99,256.0,oukitel,android 13.0,6.52,amoled,2024.0,15.0
B0DQ9MD1K5,"8,2 x 1,37 x 17,37 cm; 305,5 g",6050.0,319.99,329.99,256.0,ulefone,android 14,6.56,amoled,,16.0
B0CWLWJS5L,,,16.59,,,lazmin112,,,oled,20.0,64.0
B09NRV6WZD,"0,89 x 7,79 x 16,33 cm; 228 g",3600.0,688.55,749.99,256.0,samsung,android 11.0,6.8,lcd,2021.0,8.0
B0BG5YSRXZ,,3000.0,55.99,149.99,16.0,hyrich,android 9.0,5.0,lcd,,1.0
B0CC5TQ2HB,,5200.0,219.95,219.95,,,,,lcd,,256.0
B0DFC9GZHN,"8,3 x 1,35 x 17,3 cm; 300 g",4000.0,135.99,149.99,256.0,ulefone,android 14,6.52,lcd,2024.0,6.0
B07DZXJ4C7,"12,21 x 5,93 x 1,39 cm; 180 g",1400.0,28.99,28.99,24.0,artfone,,1.8,lcd,2019.0,32.0
B07RTBH7P8,"13,2 x 6,3 x 9,4 cm; 82 g",3600.0,25.99,39.9,,,,,,,
B082DN7RVM,"16,8 x 9,3 x 6,3 cm; 188 g",3.0,205.99,499.99,,,,,lcd,,12.0
B0DCP4BDMM,,10600.0,319.99,999.99,512.0,cubot,android 14,6.58,lcd,2024.0,24.0
B09JKL7C8Q,,3600.0,689.0,689.0,,,,,,,256.0
B0DJD45FRF,,6000.0,798.9,999.99,,,,,,,
B0C1FNRGXR,"15,5 x 7,6 x 2 cm; 470 g",10600.0,109.99,569.99,256.0,fossibot,android 13.0,6.58,lcd,2024.0,64.0
B0DK4NKK7Y,,,289.0,299.0,,oppo,,2.63,,2024.0,
B0CGHJDG1L,,,99.11,499.99,,lazmin112,android 6.0,3.0,lcd,,2.0
B0B9Q19H2N,10 x 48 x 50 cm; 173 g,,169.0,221.95,128.0,xiaomi,android 12.0,40.55,,2022.0,8.0
B0CMJKNCQH,,5000.0,229.9,229.9,,,,,amoled,,8.0
B0D5DC933P,"16,14 x 7,41 x 0,75 cm; 178 g",5000.0,345.0,449.0,,,,,amoled,,12.0
B0CP18P9W7,,,118.09,,,,,,lcd,,8.0
B08XJQLBDJ,,2200.0,41.48,999.99,,sorandy,android 6.0,5.45,,,1.0
B0BT8HFMPX,50 x 50 x 28 cm; 500 g,,245.0,256.23,,,,,,,128.0
B0CNTMLQX4,,18.0,84.99,999.99,,blackview,android 13.0,,amoled,2024.0,16.0
B0DHZZ67HX,"7,79 x 0,79 x 16,44 cm; 200 g",4200.0,173.0,179.0,,samsung,android 14,6.7,amoled,2024.0,4.0
B08HGZGY37,"16,36 x 7,66 x 0,9 cm; 1 kg",4500.0,270.59,499.99,,,,,,,6.0
B0CQT26D35,"7,63 x 0,88 x 16,4 cm; 246 g",6000.0,839.0,839.0,,nubia,android,6.8,amoled,2024.0,16.0
B0CMX7TTGW,,4200.0,89.99,569.99,,doogee,android 10.0,6.56,,,20.0
B0DM8LHMNL,,5160.0,109.09,999.99,4.0,xiaomi,"android 14, hyperos",6.88,lcd,2024.0,6.0
B0DJW4XKNW,"7,52 x 0,87 x 16,32 cm; 192 g",5000.0,79.99,999.99,32.0,ulefone,android 14,6.56,lcd,2024.0,6.0
B09775ZTJ5,"0,68 x 7,57 x 16,05 cm; 159 g",4250.0,380.0,499.99,,,,,amoled,,8.0
B0968BDKF2,"1,18 x 5,85 x 12,13 cm; 102 g",1400.0,44.95,49.99,,,,,led,,
B0D7TY4JNF,"15,28 x 7,2 x 0,86 cm; 190 g",4650.0,849.0,1099.0,,,,,,,
B0CSF7B4Q8,"17,54 x 8,4 x 2,72 cm; 970 g",22000.0,339.99,399.99,,oukitel,android 13.0,6.6,lcd,2024.0,24.0
B07WHQDKVP,"16,36 x 7,56 x 0,84 cm; 185 g",5000.0,119.0,,,,,,,,
B0BCFY1QL5,"0,73 x 7,37 x 15,93 cm; 250 g",3600.0,168.0,221.53,,,,,amoled,,8.0
B0DLBD5MSS,"9 x 4,63 x 1,05 cm; 68 g",900.0,55.99,59.99,2.0,zokoe,,3.0,,,16.0
B0CGMTH9ZZ,"7,68 x 1,43 x 15,72 cm; 257 g",4860.0,119.99,159.99,32.0,ulefone,android 13.0,5.45,amoled,2023.0,6.0
B0D86CKH5Z,,1000.0,48.42,999.99,,cuifati,,2.5,lcd,,16.0
B0D9P5XJHM,"17,22 x 8 x 1,24 cm; 285 g",6500.0,199.99,999.99,256.0,oukitel,android 14,6.6,lcd,2024.0,16.0
B0DPHMH6V1,"8 x 0,8 x 19 cm; 500 g",5000.0,246.75,246.75,,xiaomi,android 14,6.67,amoled,2024.0,256.0
B0D2HQ626M,"17,22 x 8,1 x 1,49 cm; 360 g",11000.0,249.99,325.99,256.0,oukitel,android,6.6,lcd,2024.0,24.0
B07R1Y57YF,"7,27 x 0,74 x 15,29 cm; 159 g",3340.0,199.99,349.0,128.0,huawei,android,,,2019.0,4.0
B07QZRWJ6D,"7,27 x 0,74 x 15,29 cm; 159 g",1.0,198.0,349.0,128.0,huawei,android,6.15,amoled,2019.0,4.0
B0CHBHVX9K,,3000.0,55.99,569.99,128.0,msmga,android 9.0,5.0,lcd,2017.0,1.0
B0D54D58Q4,,6300.0,179.99,569.99,,doogee,android 13.0,5.5,lcd,2024.0,16.0
B0CL9KJQPY,"19,3 x 10,3 x 5,7 cm; 390 g",10800.0,199.49,209.99,,doogee,android 13.0,6.58,lcd,2013.0,22.0
B09YHKB7DT,"1 x 6,5 x 12,5 cm; 195 g",1400.0,64.99,64.99,,ttfone,android 10.0,4.0,lcd,2022.0,8.0
