_id,IQR,Z-Score,Isolation Forest,DBSCAN,Mahalanobis,Total
B07NS5QPJM,6.0,3.0,1.0,1.0,0.0,11.0
B0CY5DH5VG,5.0,2.0,1.0,1.0,0.0,9.0
B09YVLRX8D,6.0,1.0,1.0,1.0,0.0,9.0
B071HTGC1R,5.0,2.0,1.0,1.0,0.0,9.0
B07MJRQY64,6.0,1.0,1.0,1.0,0.0,9.0
B0CPYKX9X8,6.0,1.0,1.0,1.0,0.0,9.0
B00TUXHZTW,5.0,2.0,1.0,1.0,0.0,9.0
B08X7C6SLQ,5.0,2.0,1.0,1.0,0.0,9.0
B0CYYD213D,4.0,2.0,1.0,1.0,0.0,8.0
B082MFY8SW,6.0,0.0,1.0,1.0,0.0,8.0
B07XQBG9ND,6.0,0.0,1.0,1.0,0.0,8.0
B00TKALUDC,5.0,1.0,1.0,1.0,0.0,8.0
B00IRZ8EQC,5.0,1.0,1.0,1.0,0.0,8.0
B07PNL5STG,5.0,1.0,1.0,1.0,0.0,8.0
B00J8OA220,5.0,1.0,1.0,1.0,0.0,8.0
B0DCJSVXB8,4.0,2.0,1.0,1.0,0.0,8.0
B0DCC3QKCR,4.0,2.0,1.0,1.0,0.0,8.0
B0C818XP65,5.0,1.0,1.0,1.0,0.0,8.0
B0CG6M6J58,6.0,0.0,1.0,1.0,0.0,8.0
B0DPXMMZ84,3.0,3.0,1.0,1.0,0.0,8.0
B0DKWVTH6R,4.0,2.0,1.0,1.0,0.0,8.0
B0CPYK2K1J,5.0,1.0,1.0,1.0,0.0,8.0
B0DB85DRHX,6.0,0.0,1.0,1.0,0.0,8.0
B0CNQ5WD9K,4.0,2.0,1.0,1.0,0.0,8.0
B0CP2FGY64,4.0,2.0,1.0,1.0,0.0,8.0
B0CJCHLJ1C,6.0,0.0,1.0,1.0,0.0,8.0
B0C69YZYYJ,6.0,0.0,1.0,1.0,0.0,8.0
B01DYN5N06,4.0,1.0,1.0,1.0,0.0,7.0
B07RMHCWLM,5.0,0.0,1.0,1.0,0.0,7.0
B0C9TW6KQH,4.0,1.0,1.0,1.0,0.0,7.0
B07DZXJ4C7,5.0,0.0,1.0,1.0,0.0,7.0
B07N4TBJCH,5.0,0.0,1.0,1.0,0.0,7.0
B0DMW7WM42,5.0,0.0,1.0,1.0,0.0,7.0
B0DG55RN6Q,4.0,1.0,1.0,1.0,0.0,7.0
B0DMP72N29,5.0,0.0,1.0,1.0,0.0,7.0
B0DGLKLFJB,4.0,1.0,1.0,1.0,0.0,7.0
B0DGLLWPMM,4.0,1.0,1.0,1.0,0.0,7.0
B0CL9KJQPY,4.0,1.0,1.0,1.0,0.0,7.0
B0BYNS1RSX,5.0,0.0,1.0,1.0,0.0,7.0
B0CMGRFD4Y,4.0,1.0,1.0,1.0,0.0,7.0
B0CLL5GTDW,5.0,1.0,0.0,1.0,0.0,7.0
B09C1X76CG,4.0,1.0,1.0,1.0,0.0,7.0
B0DC742WFC,5.0,0.0,1.0,1.0,0.0,7.0
B0CSF7B4Q8,3.0,2.0,1.0,1.0,0.0,7.0
B0D7V1FCLD,3.0,2.0,1.0,1.0,0.0,7.0
B0CSVS3FNK,3.0,2.0,1.0,1.0,0.0,7.0
B082DN7RVM,4.0,1.0,1.0,1.0,0.0,7.0
B0D4CGL6ZF,4.0,1.0,1.0,1.0,0.0,7.0
B0D45VFT26,3.0,2.0,1.0,1.0,0.0,7.0
B0759QPPKN,5.0,0.0,1.0,1.0,0.0,7.0
B0DPXNHN3F,3.0,2.0,1.0,1.0,0.0,7.0
B00XAD2IC2,3.0,2.0,1.0,1.0,0.0,7.0
B0DG5SB94T,5.0,0.0,1.0,1.0,0.0,7.0
B09QS7K6CP,3.0,2.0,1.0,1.0,0.0,7.0
B01BWV9A42,3.0,2.0,1.0,1.0,0.0,7.0
B0DVH4PRZP,4.0,0.0,1.0,1.0,0.0,6.0
B01BYD0ZRO,2.0,2.0,1.0,1.0,0.0,6.0
B0DQGMFWDY,3.0,1.0,1.0,1.0,0.0,6.0
B07HKNF367,4.0,1.0,0.0,1.0,0.0,6.0
B0DPXMFDNS,3.0,2.0,0.0,1.0,0.0,6.0
B0DPXNDX28,2.0,2.0,1.0,1.0,0.0,6.0
B0CXTPFDYC,4.0,0.0,1.0,1.0,0.0,6.0
B084XRF3MG,3.0,1.0,1.0,1.0,0.0,6.0
B0C1FJBG8P,4.0,1.0,0.0,1.0,0.0,6.0
B0DM67VYSC,4.0,0.0,1.0,1.0,0.0,6.0
B09QH6KD26,2.0,2.0,1.0,1.0,0.0,6.0
B0CL4VX9CZ,3.0,1.0,1.0,1.0,0.0,6.0
B0DB82T9RS,4.0,0.0,1.0,1.0,0.0,6.0
B0C4T4N3Z3,4.0,0.0,1.0,1.0,0.0,6.0
B0CBPSB8NW,4.0,1.0,0.0,1.0,0.0,6.0
B0CMGVXB9V,4.0,1.0,0.0,1.0,0.0,6.0
B0CKWDPR95,3.0,1.0,1.0,1.0,0.0,6.0
B0DCNRR93M,4.0,1.0,0.0,1.0,0.0,6.0
B0D6YYX6WK,4.0,0.0,1.0,1.0,0.0,6.0
B0CNQ7VJ6H,2.0,2.0,1.0,1.0,0.0,6.0
B09J38P7CZ,4.0,0.0,1.0,1.0,0.0,6.0
B0D7937X6N,2.0,1.0,1.0,1.0,1.0,6.0
B08PCFF5QB,3.0,1.0,1.0,1.0,0.0,6.0
B08PCC2N1J,3.0,1.0,1.0,1.0,0.0,6.0
B08HNWHVQK,3.0,1.0,1.0,1.0,0.0,6.0
B0CX1J157Y,4.0,0.0,1.0,1.0,0.0,6.0
B0CJFMQTY5,5.0,0.0,0.0,1.0,0.0,6.0
B0DJL3RGDC,4.0,0.0,1.0,1.0,0.0,6.0
B0CJFJQLRF,5.0,0.0,0.0,1.0,0.0,6.0
B0DMP6PMTB,2.0,2.0,1.0,1.0,0.0,6.0
B0BT8HFMPX,3.0,1.0,1.0,1.0,0.0,6.0
B0BCKXGDGR,3.0,1.0,1.0,1.0,0.0,6.0
B0BNLZ6GXH,4.0,0.0,1.0,1.0,0.0,6.0
B0BSLKFY68,3.0,1.0,1.0,1.0,0.0,6.0
B0B31F47DH,4.0,0.0,1.0,1.0,0.0,6.0
B0CYLGNKZP,4.0,0.0,0.0,1.0,0.0,5.0
B0D1GD4SXB,4.0,0.0,0.0,1.0,0.0,5.0
B0D1BN9LSB,3.0,1.0,0.0,1.0,0.0,5.0
B07QZN6DGK,3.0,0.0,1.0,1.0,0.0,5.0
B0968BDKF2,4.0,0.0,0.0,1.0,0.0,5.0
B0CNTMLQX4,3.0,0.0,1.0,1.0,0.0,5.0
B0D8QFSDNC,3.0,1.0,0.0,1.0,0.0,5.0
B0D7HZ6Z8P,3.0,1.0,0.0,1.0,0.0,5.0
B082L1XCFC,2.0,1.0,1.0,1.0,0.0,5.0
B08PCCZB1H,2.0,1.0,1.0,1.0,0.0,5.0
B08P7M64BJ,4.0,0.0,0.0,1.0,0.0,5.0
B0CTHYFH35,3.0,1.0,0.0,1.0,0.0,5.0
B0CWTPTF51,4.0,0.0,0.0,1.0,0.0,5.0
B0D4SSH1FX,4.0,0.0,0.0,1.0,0.0,5.0
B08PCD77DV,4.0,0.0,0.0,1.0,0.0,5.0
B0DPFBNN38,4.0,0.0,0.0,1.0,0.0,5.0
B0CR1F2812,4.0,0.0,0.0,1.0,0.0,5.0
B0D5R9QNJH,4.0,0.0,0.0,1.0,0.0,5.0
B082TDHDCJ,4.0,0.0,0.0,1.0,0.0,5.0
B0DPF7PXV4,4.0,0.0,0.0,1.0,0.0,5.0
B09J4YTH9N,3.0,1.0,0.0,1.0,0.0,5.0
B0D8BR4CDP,4.0,0.0,0.0,1.0,0.0,5.0
B0D8QCWYC5,3.0,1.0,0.0,1.0,0.0,5.0
B0CHBHVX9K,3.0,1.0,0.0,1.0,0.0,5.0
B09MJSV5WB,3.0,1.0,0.0,1.0,0.0,5.0
B09MJV1MZG,3.0,1.0,0.0,1.0,0.0,5.0
B09Q9ZVXZY,2.0,1.0,1.0,1.0,0.0,5.0
B0DCNS8NJM,4.0,0.0,0.0,1.0,0.0,5.0
B0CMGM6642,3.0,1.0,0.0,1.0,0.0,5.0
B0CMX16QF1,4.0,0.0,0.0,1.0,0.0,5.0
B0DBVB3K5C,3.0,1.0,0.0,1.0,0.0,5.0
B0DB7HKTMJ,3.0,1.0,0.0,1.0,0.0,5.0
B0CNTS3S1H,4.0,0.0,0.0,1.0,0.0,5.0
B0DFP9QZQW,2.0,1.0,1.0,1.0,0.0,5.0
B0CFV31YBL,4.0,0.0,0.0,1.0,0.0,5.0
B0CD3LF5JW,4.0,0.0,0.0,1.0,0.0,5.0
B0DFP5WQSQ,2.0,1.0,1.0,1.0,0.0,5.0
B09YHKB7DT,4.0,0.0,0.0,1.0,0.0,5.0
B0DN5YTHZ9,3.0,1.0,0.0,1.0,0.0,5.0
B0BZ7R2MPQ,3.0,1.0,0.0,1.0,0.0,5.0
B09QH71RZR,2.0,1.0,1.0,1.0,0.0,5.0
B0DHHH14QT,4.0,0.0,0.0,1.0,0.0,5.0
B0DH4DTQYB,4.0,0.0,0.0,1.0,0.0,5.0
B06XW8Q72D,3.0,1.0,0.0,1.0,0.0,5.0
B0BTPFDYNM,4.0,0.0,0.0,1.0,0.0,5.0
B0BWYVX9LY,2.0,1.0,1.0,1.0,0.0,5.0
B0BG5Z1Q2D,3.0,1.0,0.0,1.0,0.0,5.0
B0C1GPK2LX,4.0,0.0,0.0,1.0,0.0,5.0
B06XCJP94G,4.0,0.0,0.0,1.0,0.0,5.0
B0BD8NXHNL,4.0,0.0,0.0,1.0,0.0,5.0
B0B8ZF9ZPV,4.0,0.0,0.0,1.0,0.0,5.0
B0B8PBZC8S,3.0,1.0,0.0,1.0,0.0,5.0
B0DPXMJNV7,2.0,1.0,1.0,1.0,0.0,5.0
B0DPXN3YHT,2.0,2.0,0.0,1.0,0.0,5.0
B0DQY1C84Q,3.0,1.0,0.0,1.0,0.0,5.0
B00VM0D0W2,3.0,0.0,0.0,1.0,0.0,4.0
B00XHYJ2XW,2.0,1.0,0.0,1.0,0.0,4.0
B0DR8D6RYQ,3.0,0.0,0.0,1.0,0.0,4.0
B0D2HQ626M,3.0,0.0,0.0,1.0,0.0,4.0
B0D4DYWF3H,3.0,0.0,0.0,1.0,0.0,4.0
B0D4LZJ3ZG,3.0,0.0,0.0,1.0,0.0,4.0
B0BGLC9F3G,3.0,0.0,0.0,1.0,0.0,4.0
B0BNJVY7NS,4.0,0.0,0.0,0.0,0.0,4.0
B0BNQ5Y8BR,3.0,0.0,0.0,1.0,0.0,4.0
B0DL4831YZ,3.0,0.0,0.0,1.0,0.0,4.0
B0DL93KNRY,3.0,0.0,0.0,1.0,0.0,4.0
B0DLBD5MSS,3.0,0.0,0.0,1.0,0.0,4.0
B0BDQ5C7YX,3.0,0.0,0.0,1.0,0.0,4.0
B0CTHXXX7V,3.0,0.0,0.0,1.0,0.0,4.0
B0CTHYTJGP,2.0,1.0,0.0,1.0,0.0,4.0
B0CTKQS5XY,3.0,0.0,0.0,1.0,0.0,4.0
B0CVX5D7HH,3.0,0.0,0.0,1.0,0.0,4.0
B0D4SX2HWQ,3.0,0.0,0.0,1.0,0.0,4.0
B0D5B6PR4C,3.0,0.0,0.0,1.0,0.0,4.0
B0D5CWSQJD,3.0,0.0,0.0,1.0,0.0,4.0
B0D5R7K46S,3.0,0.0,0.0,1.0,0.0,4.0
B08PCDNC9W,3.0,0.0,0.0,1.0,0.0,4.0
B0BVZQVHDJ,2.0,1.0,0.0,1.0,0.0,4.0
B0BW41XL4Z,2.0,1.0,0.0,1.0,0.0,4.0
B0BWJVRFSJ,3.0,0.0,0.0,1.0,0.0,4.0
B0BWNXRP3Q,2.0,1.0,0.0,1.0,0.0,4.0
B0DJVSDCYB,2.0,1.0,0.0,1.0,0.0,4.0
B0DK18KB59,3.0,0.0,0.0,1.0,0.0,4.0
B0BG5YSRXZ,3.0,0.0,0.0,1.0,0.0,4.0
B08457V863,3.0,0.0,0.0,1.0,0.0,4.0
B0D6GM1GJD,3.0,0.0,0.0,1.0,0.0,4.0
B0CSFVKV5S,3.0,0.0,0.0,1.0,0.0,4.0
B0CQT26D35,3.0,0.0,0.0,1.0,0.0,4.0
B0CR16KX25,3.0,0.0,0.0,1.0,0.0,4.0
B0CR1DP99L,3.0,0.0,0.0,1.0,0.0,4.0
B0D7TY4JNF,2.0,1.0,0.0,1.0,0.0,4.0
B0D7TZWD9G,2.0,1.0,0.0,1.0,0.0,4.0
B0D7TZX1CS,2.0,1.0,0.0,1.0,0.0,4.0
B0DPHN1435,2.0,1.0,0.0,1.0,0.0,4.0
B0DPN2THGT,3.0,0.0,0.0,1.0,0.0,4.0
B0DPQPR6B4,3.0,0.0,0.0,1.0,0.0,4.0
B0B82BH283,3.0,0.0,0.0,1.0,0.0,4.0
B09STZG984,4.0,0.0,0.0,0.0,0.0,4.0
B0C1FNRGXR,3.0,0.0,0.0,1.0,0.0,4.0
B0C2QH6MNQ,3.0,0.0,0.0,1.0,0.0,4.0
B0C32PFLF8,3.0,0.0,0.0,1.0,0.0,4.0
B0DHZJW5Z4,2.0,0.0,1.0,1.0,0.0,4.0
B0DJ1LK2MZ,2.0,1.0,0.0,1.0,0.0,4.0
B0DJ345581,3.0,0.0,0.0,1.0,0.0,4.0
B08Z5ZX1XC,3.0,0.0,0.0,1.0,0.0,4.0
B0956DPGBF,3.0,0.0,0.0,1.0,0.0,4.0
B08HGZGY37,2.0,1.0,0.0,1.0,0.0,4.0
B08HN9BRH6,3.0,0.0,0.0,1.0,0.0,4.0
B0D86CKH5Z,3.0,0.0,0.0,1.0,0.0,4.0
B0CPXZ9F5V,3.0,0.0,0.0,1.0,0.0,4.0
B0D8BRYV9D,3.0,0.0,0.0,1.0,0.0,4.0
B0DH4D1R7R,4.0,0.0,0.0,0.0,0.0,4.0
B0DHGYXQVK,3.0,0.0,0.0,1.0,0.0,4.0
B0BXFKD5GP,2.0,1.0,0.0,1.0,0.0,4.0
B0BYCGTQBP,3.0,0.0,0.0,1.0,0.0,4.0
B0B3MCW4YR,3.0,0.0,0.0,1.0,0.0,4.0
B0B4PL3FGW,3.0,0.0,0.0,1.0,0.0,4.0
B0B576W915,3.0,0.0,0.0,1.0,0.0,4.0
B0CPT8SK6H,3.0,0.0,0.0,1.0,0.0,4.0
B0CNQ89WJN,2.0,1.0,0.0,1.0,0.0,4.0
B0CNQ974BZ,2.0,1.0,0.0,1.0,0.0,4.0
B0CNR4XBY7,3.0,0.0,0.0,1.0,0.0,4.0
B0CNTNT6P8,3.0,0.0,0.0,1.0,0.0,4.0
B0DB5SNQ67,3.0,0.0,0.0,1.0,0.0,4.0
B0DB81STNK,3.0,0.0,0.0,1.0,0.0,4.0
B0DNZ2FR46,3.0,0.0,0.0,1.0,0.0,4.0
B09688TN93,3.0,0.0,0.0,1.0,0.0,4.0
B09JKL7C8Q,3.0,0.0,0.0,1.0,0.0,4.0
B0C86M1H8Q,2.0,1.0,0.0,1.0,0.0,4.0
B0C3BP7QZ5,4.0,0.0,0.0,0.0,0.0,4.0
B0C4DRRN86,3.0,0.0,0.0,1.0,0.0,4.0
B0C4MKYM4G,3.0,0.0,0.0,1.0,0.0,4.0
B0C5D2T5R2,3.0,0.0,0.0,1.0,0.0,4.0
B0C5DG43KX,3.0,0.0,0.0,1.0,0.0,4.0
B0C5ZNHJGC,3.0,0.0,0.0,1.0,0.0,4.0
B09MJMBS9X,2.0,1.0,0.0,1.0,0.0,4.0
B09MJQGX2W,3.0,0.0,0.0,1.0,0.0,4.0
B0DP52QWHF,3.0,0.0,0.0,1.0,0.0,4.0
B0DP6YY4JW,3.0,0.0,0.0,1.0,0.0,4.0
B0DP72PCZ3,3.0,0.0,0.0,1.0,0.0,4.0
B0DBZJWRFY,3.0,0.0,0.0,1.0,0.0,4.0
B0DCHY2N3P,2.0,1.0,0.0,1.0,0.0,4.0
B0DCNSYMQQ,3.0,0.0,0.0,1.0,0.0,4.0
B09MJQQ5GS,2.0,1.0,0.0,1.0,0.0,4.0
B0DH23VGF7,3.0,0.0,0.0,1.0,0.0,4.0
B0DH2437SY,2.0,0.0,1.0,1.0,0.0,4.0
B0DH24HBNF,3.0,0.0,0.0,1.0,0.0,4.0
B0CD1M3DSD,3.0,0.0,0.0,1.0,0.0,4.0
B0C6HTJ8RQ,3.0,0.0,0.0,1.0,0.0,4.0
B0C7C1VVG6,3.0,0.0,0.0,1.0,0.0,4.0
B0CLV7XMVC,3.0,0.0,0.0,1.0,0.0,4.0
B0CLV839RH,3.0,0.0,0.0,1.0,0.0,4.0
B0CMJL12C7,2.0,1.0,0.0,1.0,0.0,4.0
B0CMM85B7J,3.0,0.0,0.0,1.0,0.0,4.0
B0CJYH75VB,3.0,0.0,0.0,1.0,0.0,4.0
B0CK77GJYW,2.0,1.0,0.0,1.0,0.0,4.0
B0CKZ7Z824,3.0,0.0,0.0,1.0,0.0,4.0
B09MJSL8MR,2.0,1.0,0.0,1.0,0.0,4.0
B09NRV6WZD,3.0,0.0,0.0,1.0,0.0,4.0
B09Q1VZ3KK,3.0,0.0,0.0,1.0,0.0,4.0
B0CGHJDG1L,3.0,0.0,0.0,1.0,0.0,4.0
B0DG2YHSLL,3.0,0.0,0.0,1.0,0.0,4.0
B0DM957RN4,3.0,0.0,0.0,1.0,0.0,4.0
B0DMT2FKS4,3.0,0.0,0.0,1.0,0.0,4.0
B0DMZ6QMKQ,3.0,0.0,0.0,1.0,0.0,4.0
B0DNF58678,2.0,0.0,1.0,1.0,0.0,4.0
B0DNJZBNRD,3.0,0.0,0.0,1.0,0.0,4.0
B0DNN167DQ,3.0,0.0,0.0,1.0,0.0,4.0
B0DD7NNBM4,2.0,1.0,0.0,1.0,0.0,4.0
B0DD7QC4ZS,2.0,1.0,0.0,1.0,0.0,4.0
B0DD9TGXLF,2.0,1.0,0.0,1.0,0.0,4.0
B0DDTRLXM6,3.0,0.0,0.0,1.0,0.0,4.0
B0CGMTH9ZZ,3.0,0.0,0.0,1.0,0.0,4.0
B0CGVTTZ7B,3.0,0.0,0.0,1.0,0.0,4.0
B0CHBJD9QZ,3.0,0.0,0.0,1.0,0.0,4.0
B0CHP11VXC,3.0,0.0,0.0,1.0,0.0,4.0
B0CHP1LXTT,3.0,0.0,0.0,1.0,0.0,4.0
B0CFTZLRJK,3.0,0.0,0.0,1.0,0.0,4.0
B0CFV2DRV6,3.0,0.0,0.0,1.0,0.0,4.0
B0CYGF23T1,3.0,0.0,0.0,1.0,0.0,4.0
B084Z436NC,3.0,0.0,0.0,1.0,0.0,4.0
B0892YG9QW,2.0,1.0,0.0,1.0,0.0,4.0
B07QZRWJ6D,3.0,0.0,0.0,1.0,0.0,4.0
B07VTMHTDF,3.0,0.0,0.0,1.0,0.0,4.0
B0DM5HJKRY,3.0,0.0,0.0,1.0,0.0,4.0
B06XW81R9G,2.0,1.0,0.0,1.0,0.0,4.0
B0DPXMWQ7R,2.0,1.0,0.0,1.0,0.0,4.0
B0DQKWX5MP,3.0,0.0,0.0,1.0,0.0,4.0
B0DQTBFSW9,2.0,0.0,0.0,1.0,0.0,3.0
B07YWSKJRY,2.0,0.0,0.0,1.0,0.0,3.0
B0DS21LP9Q,2.0,0.0,0.0,1.0,0.0,3.0
B0DS1VS2VJ,2.0,0.0,0.0,1.0,0.0,3.0
B0DRBWS1KW,2.0,0.0,0.0,1.0,0.0,3.0
B0DR8LQPJT,2.0,0.0,0.0,1.0,0.0,3.0
B07NDDDJRN,1.0,1.0,0.0,1.0,0.0,3.0
B0DM5J2TP1,2.0,0.0,0.0,1.0,0.0,3.0
B0DLNRXQMV,2.0,0.0,0.0,1.0,0.0,3.0
B0DLNM2N1D,2.0,0.0,0.0,1.0,0.0,3.0
B0DLNDG3ZC,2.0,0.0,0.0,1.0,0.0,3.0
B0DLN1CVRZ,2.0,0.0,0.0,1.0,0.0,3.0
B07RTBH7P8,3.0,0.0,0.0,0.0,0.0,3.0
B07R1Y57YF,2.0,0.0,0.0,1.0,0.0,3.0
B08CH7RHDP,2.0,0.0,0.0,1.0,0.0,3.0
B08CH6VKHW,2.0,0.0,0.0,1.0,0.0,3.0
B085RBT8KW,2.0,0.0,0.0,1.0,0.0,3.0
B0D2HLFLQD,2.0,0.0,0.0,1.0,0.0,3.0
B0D2HBMW85,2.0,0.0,0.0,1.0,0.0,3.0
B0D2HBDDYH,2.0,0.0,0.0,1.0,0.0,3.0
B0D2H7LK22,2.0,0.0,0.0,1.0,0.0,3.0
B0CYJ219D5,2.0,0.0,0.0,1.0,0.0,3.0
B0CYGJJHFW,2.0,0.0,0.0,1.0,0.0,3.0
B0CG196RT9,2.0,0.0,0.0,1.0,0.0,3.0
B0CFTRMJHT,2.0,0.0,0.0,1.0,0.0,3.0
B0CFL7L4QS,3.0,0.0,0.0,0.0,0.0,3.0
B0CFL3VLX7,2.0,0.0,0.0,1.0,0.0,3.0
B0CGVNVD8R,2.0,0.0,0.0,1.0,0.0,3.0
B0DFH43528,2.0,0.0,0.0,1.0,0.0,3.0
B0DFGHQSXC,2.0,0.0,0.0,1.0,0.0,3.0
B0DF54RNFX,2.0,0.0,0.0,1.0,0.0,3.0
B0DF53WQ2P,2.0,0.0,0.0,1.0,0.0,3.0
B0CLM9X2PP,2.0,0.0,0.0,1.0,0.0,3.0
B0CLLX6C9M,2.0,0.0,0.0,1.0,0.0,3.0
B0CLLWJ418,2.0,0.0,0.0,1.0,0.0,3.0
B0CLLW4Q5K,2.0,0.0,0.0,1.0,0.0,3.0
B0CKZ8FXP2,2.0,0.0,0.0,1.0,0.0,3.0
B0DNYZS9DV,2.0,0.0,0.0,1.0,0.0,3.0
B0DNYQMD8X,2.0,0.0,0.0,1.0,0.0,3.0
B0DNK3Y6HK,2.0,0.0,0.0,1.0,0.0,3.0
B0DNFJN16X,2.0,0.0,0.0,1.0,0.0,3.0
B0DN1557T5,2.0,0.0,0.0,1.0,0.0,3.0
B0DN153LCY,2.0,0.0,0.0,1.0,0.0,3.0
B0B1VCR3JY,2.0,0.0,0.0,1.0,0.0,3.0
B09W25BG2T,2.0,0.0,0.0,1.0,0.0,3.0
B0DG2YDL7Y,2.0,0.0,0.0,1.0,0.0,3.0
B0DG2XNT7N,2.0,0.0,0.0,1.0,0.0,3.0
B0DFPZGYV3,2.0,0.0,0.0,1.0,0.0,3.0
B0DFPYNS1Y,2.0,0.0,0.0,1.0,0.0,3.0
B0DFPRT8V2,2.0,0.0,0.0,1.0,0.0,3.0
B0CGJJZD1P,2.0,0.0,0.0,1.0,0.0,3.0
B0CGF22DYX,2.0,0.0,0.0,1.0,0.0,3.0
B09QH4B1Q5,2.0,0.0,0.0,1.0,0.0,3.0
B09MJTK6HR,2.0,0.0,0.0,1.0,0.0,3.0
B0CMQQN97D,3.0,0.0,0.0,0.0,0.0,3.0
B0CM11XZNB,2.0,0.0,0.0,1.0,0.0,3.0
B0CLQYJ42Z,2.0,0.0,0.0,1.0,0.0,3.0
B0DCP4BDMM,2.0,0.0,0.0,1.0,0.0,3.0
B0C7H2HHK1,1.0,1.0,0.0,1.0,0.0,3.0
B0CF2PV74C,2.0,0.0,0.0,1.0,0.0,3.0
B0CCW32ZH2,2.0,0.0,0.0,1.0,0.0,3.0
B0CC32DV6P,2.0,0.0,0.0,1.0,0.0,3.0
B0CC2W7JVH,2.0,0.0,0.0,1.0,0.0,3.0
B0DH22T9X3,2.0,0.0,0.0,1.0,0.0,3.0
B0DGPQCDZW,2.0,0.0,0.0,1.0,0.0,3.0
B09MJR298V,2.0,0.0,0.0,1.0,0.0,3.0
B0DN159HMH,2.0,0.0,0.0,1.0,0.0,3.0
B0DCC1GLZZ,1.0,1.0,0.0,1.0,0.0,3.0
B0DBZJYD2T,2.0,0.0,0.0,1.0,0.0,3.0
B0CNK3KJJ3,2.0,0.0,0.0,1.0,0.0,3.0
B0CN137WV2,2.0,0.0,0.0,1.0,0.0,3.0
B0CN12NG6D,2.0,0.0,0.0,1.0,0.0,3.0
B0CN11GSWM,2.0,0.0,0.0,1.0,0.0,3.0
B0CMRZJ2R8,2.0,0.0,0.0,1.0,0.0,3.0
B09M3W36MN,2.0,0.0,0.0,1.0,0.0,3.0
B0C6F9Y43N,2.0,0.0,0.0,1.0,0.0,3.0
B0C5Y53G65,1.0,1.0,0.0,1.0,0.0,3.0
B0C53BYHZZ,2.0,0.0,0.0,1.0,0.0,3.0
B0C4NG1QS6,2.0,0.0,0.0,1.0,0.0,3.0
B0C3XNCQDC,2.0,0.0,0.0,1.0,0.0,3.0
B0C33QTNDX,2.0,0.0,0.0,1.0,0.0,3.0
B0CBL36NK4,2.0,0.0,0.0,1.0,0.0,3.0
B0CBL2S1G3,3.0,0.0,0.0,0.0,0.0,3.0
B0C7H73JP2,2.0,0.0,0.0,1.0,0.0,3.0
B09B11HGMS,2.0,0.0,0.0,1.0,0.0,3.0
B097P17X3V,2.0,0.0,0.0,1.0,0.0,3.0
B0977N1YK6,2.0,0.0,0.0,1.0,0.0,3.0
B0DBQVF8DR,2.0,0.0,0.0,1.0,0.0,3.0
B0DBKLHQQJ,2.0,0.0,0.0,1.0,0.0,3.0
B0DB1JMM3P,2.0,0.0,0.0,1.0,0.0,3.0
B0D9P5XJHM,2.0,0.0,0.0,1.0,0.0,3.0
B0D9LNR55Z,2.0,0.0,0.0,1.0,0.0,3.0
B0D9BKY2K8,2.0,0.0,0.0,1.0,0.0,3.0
B0CNQ7J2WD,1.0,1.0,0.0,1.0,0.0,3.0
B0CNQ6Z5VC,2.0,0.0,0.0,1.0,0.0,3.0
B0CNQ6KY5J,2.0,0.0,0.0,1.0,0.0,3.0
B0CNKT2D1G,2.0,0.0,0.0,1.0,0.0,3.0
B0CNKKTKL7,2.0,0.0,0.0,1.0,0.0,3.0
B0CPXYTPYC,2.0,0.0,0.0,1.0,0.0,3.0
B0CPXXKH23,2.0,0.0,0.0,1.0,0.0,3.0
B0CPXX34K2,2.0,0.0,0.0,1.0,0.0,3.0
B0CP17MZ5X,2.0,0.0,0.0,1.0,0.0,3.0
B0CNYJJD2T,2.0,0.0,0.0,1.0,0.0,3.0
B0D95F21B3,2.0,0.0,0.0,1.0,0.0,3.0
B0D95CMS4W,2.0,0.0,0.0,1.0,0.0,3.0
B0D943P449,2.0,0.0,0.0,1.0,0.0,3.0
B0B59RCLJZ,2.0,0.0,0.0,1.0,0.0,3.0
B0B4F2L38W,2.0,0.0,0.0,1.0,0.0,3.0
B0B1VDGS1K,2.0,0.0,0.0,1.0,0.0,3.0
B0DHRYY5XJ,2.0,0.0,0.0,1.0,0.0,3.0
B0DHLK7C6P,2.0,0.0,0.0,1.0,0.0,3.0
B0DHH2RS9K,2.0,0.0,0.0,1.0,0.0,3.0
B0DHDRPRDC,2.0,0.0,0.0,1.0,0.0,3.0
B0DH3N1GZ3,2.0,0.0,0.0,1.0,0.0,3.0
B0C6FDCPB1,2.0,0.0,0.0,1.0,0.0,3.0
B0D8L9DBQM,2.0,0.0,0.0,1.0,0.0,3.0
B0D8L91CJT,2.0,0.0,0.0,1.0,0.0,3.0
B0CQKDBVT8,2.0,0.0,0.0,1.0,0.0,3.0
B0CQ59K8F9,2.0,0.0,0.0,1.0,0.0,3.0
B0CQ28QJNS,2.0,0.0,0.0,1.0,0.0,3.0
B0D7VV8DC4,2.0,0.0,0.0,1.0,0.0,3.0
B08HJDNNQY,2.0,0.0,0.0,1.0,0.0,3.0
B08XBL4TS9,2.0,0.0,0.0,1.0,0.0,3.0
B08PCFMXN4,1.0,1.0,0.0,1.0,0.0,3.0
B0DJD45FRF,2.0,0.0,0.0,1.0,0.0,3.0
B0DJ77CWMZ,2.0,0.0,0.0,1.0,0.0,3.0
B0BZS77DBX,2.0,0.0,0.0,1.0,0.0,3.0
B0BZJLDPN2,1.0,1.0,0.0,1.0,0.0,3.0
B09SHWGFJC,2.0,0.0,0.0,1.0,0.0,3.0
B09RMRTHTZ,2.0,0.0,0.0,1.0,0.0,3.0
B09RKHJ9S3,2.0,0.0,0.0,1.0,0.0,3.0
B0B786BT7Z,2.0,0.0,0.0,1.0,0.0,3.0
B08PCFKLHM,2.0,0.0,0.0,1.0,0.0,3.0
B0DPHMDQKR,2.0,0.0,0.0,1.0,0.0,3.0
B0DP9JL5MQ,2.0,0.0,0.0,1.0,0.0,3.0
B0D7Q966MY,2.0,0.0,0.0,1.0,0.0,3.0
B0D7D39H1P,2.0,0.0,0.0,1.0,0.0,3.0
B0D7BNQS2T,2.0,0.0,0.0,1.0,0.0,3.0
B0D796T434,2.0,0.0,0.0,1.0,0.0,3.0
B0CR3YMJWG,2.0,0.0,0.0,1.0,0.0,3.0
B0CR3XCB81,2.0,0.0,0.0,1.0,0.0,3.0
B0CQRT4TSV,2.0,0.0,0.0,1.0,0.0,3.0
B0CQQ18GQ2,2.0,0.0,0.0,1.0,0.0,3.0
B0CQKGMRMM,2.0,0.0,0.0,1.0,0.0,3.0
B0CTHX8WYP,2.0,0.0,0.0,1.0,0.0,3.0
B0CTHWKD95,2.0,0.0,0.0,1.0,0.0,3.0
B0CTHTJNKB,2.0,0.0,0.0,1.0,0.0,3.0
B0CR44V59M,2.0,0.0,0.0,1.0,0.0,3.0
B0D6W5ZX8P,2.0,0.0,0.0,1.0,0.0,3.0
B0D6LDZTTM,2.0,0.0,0.0,1.0,0.0,3.0
B0D6GKMW7R,2.0,0.0,0.0,1.0,0.0,3.0
B082WFVKL7,2.0,0.0,0.0,1.0,0.0,3.0
B0DKN7GNP6,2.0,0.0,0.0,1.0,0.0,3.0
B0DJY6QMJR,2.0,0.0,0.0,1.0,0.0,3.0
B0DJV1HBJB,2.0,0.0,0.0,1.0,0.0,3.0
B0BW9S5XKZ,2.0,0.0,0.0,1.0,0.0,3.0
B0BW66P9XN,2.0,0.0,0.0,1.0,0.0,3.0
B0BTHHL5L4,1.0,1.0,0.0,1.0,0.0,3.0
B0BSLJNW5G,1.0,1.0,0.0,1.0,0.0,3.0
B0DJL42HZS,2.0,0.0,0.0,1.0,0.0,3.0
B0DJDG6XGG,2.0,0.0,0.0,1.0,0.0,3.0
B07YX526XT,2.0,0.0,0.0,1.0,0.0,3.0
B08PCDKD6G,2.0,0.0,0.0,1.0,0.0,3.0
B08PCB8QCV,2.0,0.0,0.0,1.0,0.0,3.0
B0D5HDXPP6,1.0,1.0,0.0,1.0,0.0,3.0
B0D5DDPDV7,2.0,0.0,0.0,1.0,0.0,3.0
B0D4SMFD94,2.0,0.0,0.0,1.0,0.0,3.0
B0CTMLV1PR,2.0,0.0,0.0,1.0,0.0,3.0
B0DLK16YL7,2.0,0.0,0.0,1.0,0.0,3.0
B0BFJ8FW3D,2.0,0.0,0.0,1.0,0.0,3.0
B0BFDC8S2N,2.0,0.0,0.0,1.0,0.0,3.0
B0BD5RBRCM,2.0,0.0,0.0,1.0,0.0,3.0
B0B9Q19H2N,1.0,1.0,0.0,1.0,0.0,3.0
B0DKT9VD51,2.0,0.0,0.0,1.0,0.0,3.0
B0DKT15QW9,2.0,0.0,0.0,1.0,0.0,3.0
B0BS1LS9M3,2.0,0.0,0.0,1.0,0.0,3.0
B0BQRRTDZV,2.0,0.0,0.0,1.0,0.0,3.0
B0D4M985GZ,2.0,0.0,0.0,1.0,0.0,3.0
B0D4831B2N,2.0,0.0,0.0,1.0,0.0,3.0
B0D47MZ2Z1,2.0,0.0,0.0,1.0,0.0,3.0
B0D3858PHQ,2.0,0.0,0.0,1.0,0.0,3.0
B0CXJDKQXR,2.0,0.0,0.0,1.0,0.0,3.0
B0CXJ21G46,2.0,0.0,0.0,1.0,0.0,3.0
B0CW94KKMN,2.0,0.0,0.0,1.0,0.0,3.0
B0CW6M11F5,2.0,0.0,0.0,1.0,0.0,3.0
B0CW363ZFV,2.0,0.0,0.0,1.0,0.0,3.0
B0D33KJY93,2.0,0.0,0.0,1.0,0.0,3.0
B0D2RR7JQZ,2.0,0.0,0.0,1.0,0.0,3.0
B07VYS2M9D,2.0,0.0,0.0,1.0,0.0,3.0
B07VTP4ZQW,2.0,0.0,0.0,1.0,0.0,3.0
B0D1GWYH9X,2.0,0.0,0.0,1.0,0.0,3.0
B0D177B1DH,2.0,0.0,0.0,1.0,0.0,3.0
B0CZDDP7QF,2.0,0.0,0.0,1.0,0.0,3.0
B0DQTBNBFK,2.0,0.0,0.0,1.0,0.0,3.0
B0DSMKWQKC,3.0,0.0,0.0,0.0,0.0,3.0
B00JC8MD7Y,1.0,0.0,0.0,1.0,0.0,2.0
B08XYN28KT,1.0,0.0,0.0,1.0,0.0,2.0
B08XJQLBDJ,2.0,0.0,0.0,0.0,0.0,2.0
B08XBZG7JC,1.0,0.0,0.0,1.0,0.0,2.0
B08WWHJFLR,1.0,0.0,0.0,1.0,0.0,2.0
B08VW9J5GV,1.0,0.0,0.0,1.0,0.0,2.0
B08QXG6Y6F,1.0,0.0,0.0,1.0,0.0,2.0
B0DPHMWDZN,1.0,0.0,0.0,1.0,0.0,2.0
B0DPHCW9W6,1.0,0.0,0.0,1.0,0.0,2.0
B0DPFXGKCD,1.0,0.0,0.0,1.0,0.0,2.0
B0DP97TFKX,1.0,0.0,0.0,1.0,0.0,2.0
B0DP61TSMT,1.0,0.0,0.0,1.0,0.0,2.0
B0CY8D7L7F,1.0,0.0,0.0,1.0,0.0,2.0
B0CY55HJNM,1.0,0.0,0.0,1.0,0.0,2.0
B0CY4ZH6VD,1.0,0.0,0.0,1.0,0.0,2.0
B0CY2QDX4C,1.0,0.0,0.0,1.0,0.0,2.0
B0CY2KV41P,1.0,0.0,0.0,1.0,0.0,2.0
B0CXPYTGX4,1.0,0.0,0.0,1.0,0.0,2.0
B0CXPW466P,1.0,0.0,0.0,1.0,0.0,2.0
B0D1GC8HPX,1.0,0.0,0.0,1.0,0.0,2.0
B0D1FQ4J92,1.0,0.0,0.0,1.0,0.0,2.0
B0CZXSLK4D,1.0,0.0,0.0,1.0,0.0,2.0
B0CZTSRXQP,1.0,0.0,0.0,1.0,0.0,2.0
B0CZ6TM9WF,1.0,0.0,0.0,1.0,0.0,2.0
B0CXHWPMFT,2.0,0.0,0.0,0.0,0.0,2.0
B0CXHC9B82,2.0,0.0,0.0,0.0,0.0,2.0
B0CX2G43YF,1.0,0.0,0.0,1.0,0.0,2.0
B0CWS3RM89,1.0,0.0,0.0,1.0,0.0,2.0
B0CW91V2LM,1.0,0.0,0.0,1.0,0.0,2.0
B0D383ZXKK,1.0,0.0,0.0,1.0,0.0,2.0
B0D2QHF5X4,1.0,0.0,0.0,1.0,0.0,2.0
B0D2L3S4ZY,1.0,0.0,0.0,1.0,0.0,2.0
B0D266YCVL,2.0,0.0,0.0,0.0,0.0,2.0
B0D1KJX9S3,1.0,0.0,0.0,1.0,0.0,2.0
B0CTJ14LYK,1.0,0.0,0.0,1.0,0.0,2.0
B0CTHZC9TW,1.0,0.0,0.0,1.0,0.0,2.0
B0CTHYMB3H,1.0,0.0,0.0,1.0,0.0,2.0
B0D4M1SJY4,2.0,0.0,0.0,0.0,0.0,2.0
B0D4M17HS6,2.0,0.0,0.0,0.0,0.0,2.0
B0D3TGG2QX,1.0,0.0,0.0,1.0,0.0,2.0
B0D3QCFYP2,1.0,0.0,0.0,1.0,0.0,2.0
B0D3Q96GDL,1.0,0.0,0.0,1.0,0.0,2.0
B0D3FCTN4C,1.0,0.0,0.0,1.0,0.0,2.0
B0CXJDSJJ4,1.0,0.0,0.0,1.0,0.0,2.0
B0CXJBCY77,1.0,0.0,0.0,1.0,0.0,2.0
B09DP7YYWX,1.0,0.0,0.0,1.0,0.0,2.0
B09C5VPH9B,2.0,0.0,0.0,0.0,0.0,2.0
B097P2RTJ6,1.0,0.0,0.0,1.0,0.0,2.0
B0DP4FG72Q,1.0,0.0,0.0,1.0,0.0,2.0
B0DNN24TM3,1.0,0.0,0.0,1.0,0.0,2.0
B0DNFB4D6H,1.0,0.0,0.0,1.0,0.0,2.0
B09QH5NB1Z,1.0,0.0,0.0,1.0,0.0,2.0
B09QH3JT6P,1.0,0.0,0.0,1.0,0.0,2.0
B09MJRW2ZM,1.0,0.0,0.0,1.0,0.0,2.0
B0D5H9TKYC,1.0,0.0,0.0,1.0,0.0,2.0
B0D5DF24YP,1.0,0.0,0.0,1.0,0.0,2.0
B0D5D5Z1H2,1.0,0.0,0.0,1.0,0.0,2.0
B0D5CQT349,1.0,0.0,0.0,1.0,0.0,2.0
B0D4YPG9KQ,1.0,0.0,0.0,1.0,0.0,2.0
B0D4PMXL19,1.0,0.0,0.0,1.0,0.0,2.0
B0CW15T72S,1.0,0.0,0.0,1.0,0.0,2.0
B0CVQL3L2K,1.0,0.0,0.0,1.0,0.0,2.0
B09MJR5TDJ,1.0,0.0,0.0,1.0,0.0,2.0
B0DN1GZ1D1,1.0,0.0,0.0,1.0,0.0,2.0
B0DMST1TH8,1.0,0.0,0.0,1.0,0.0,2.0
B0DMF4QFR2,1.0,0.0,0.0,1.0,0.0,2.0
B0DMCLZBYX,1.0,0.0,0.0,1.0,0.0,2.0
B0DM8LHMNL,2.0,0.0,0.0,0.0,0.0,2.0
B0B1PV8Z1C,1.0,0.0,0.0,1.0,0.0,2.0
B09ZHGZ7YS,1.0,0.0,0.0,1.0,0.0,2.0
B09WMQZMMW,1.0,0.0,0.0,1.0,0.0,2.0
B09RZYJ9PG,1.0,0.0,0.0,1.0,0.0,2.0
B09RNDTXJX,1.0,0.0,0.0,1.0,0.0,2.0
B0B7KJS9K4,2.0,0.0,0.0,0.0,0.0,2.0
B0B6411NSJ,1.0,0.0,0.0,1.0,0.0,2.0
B0B63GDZ1T,1.0,0.0,0.0,1.0,0.0,2.0
B0CSGBN5X8,1.0,0.0,0.0,1.0,0.0,2.0
B0CSG7MM7L,1.0,0.0,0.0,1.0,0.0,2.0
B0CSFYBGG1,1.0,0.0,0.0,1.0,0.0,2.0
B0CSFV5FT4,1.0,0.0,0.0,1.0,0.0,2.0
B0CS297MLL,1.0,0.0,0.0,1.0,0.0,2.0
B0D6VXFV6K,1.0,0.0,0.0,1.0,0.0,2.0
B0D6VX68ZJ,1.0,0.0,0.0,1.0,0.0,2.0
B0D6GQTRTS,1.0,0.0,0.0,1.0,0.0,2.0
B0D6GNS4KN,1.0,0.0,0.0,1.0,0.0,2.0
B0D6GM4VQ6,1.0,0.0,0.0,1.0,0.0,2.0
B0D63142NK,1.0,0.0,0.0,1.0,0.0,2.0
B0CQ88L871,1.0,0.0,0.0,1.0,0.0,2.0
B0CQ499V98,1.0,0.0,0.0,1.0,0.0,2.0
B0CQ2Y672K,2.0,0.0,0.0,0.0,0.0,2.0
B0CPXYTPYG,1.0,0.0,0.0,1.0,0.0,2.0
B0D83FB1PX,1.0,0.0,0.0,1.0,0.0,2.0
B0D8134JH8,1.0,0.0,0.0,1.0,0.0,2.0
B0D72XHQBG,1.0,0.0,0.0,1.0,0.0,2.0
B0CR2TLXJB,1.0,0.0,0.0,1.0,0.0,2.0
B0CR17BMLT,1.0,0.0,0.0,1.0,0.0,2.0
B0CQRD4R7D,1.0,0.0,0.0,1.0,0.0,2.0
B0CQRBM82X,1.0,0.0,0.0,1.0,0.0,2.0
B0CQLPRTFN,1.0,0.0,0.0,1.0,0.0,2.0
B0CTG3JNMF,1.0,0.0,0.0,1.0,0.0,2.0
B0D8TCYZGD,1.0,0.0,0.0,1.0,0.0,2.0
B0D8TCGKGN,1.0,0.0,0.0,1.0,0.0,2.0
B0D8QQ895Q,1.0,0.0,0.0,1.0,0.0,2.0
B0D8LH632G,1.0,0.0,0.0,1.0,0.0,2.0
B0D8BDTNKY,1.0,0.0,0.0,1.0,0.0,2.0
B0CQKD7NRS,1.0,0.0,0.0,1.0,0.0,2.0
B0CQJRHSDR,1.0,0.0,0.0,1.0,0.0,2.0
B0CQ8CN28H,1.0,0.0,0.0,1.0,0.0,2.0
B0B5QJT9PK,1.0,0.0,0.0,1.0,0.0,2.0
B0B4M3WX5F,1.0,0.0,0.0,1.0,0.0,2.0
B0B3R9C126,1.0,0.0,0.0,1.0,0.0,2.0
B0B1VD6323,1.0,0.0,0.0,1.0,0.0,2.0
B0DM81D5J5,2.0,0.0,0.0,0.0,0.0,2.0
B0DM5QLHR2,1.0,0.0,0.0,1.0,0.0,2.0
B0DM27NK9C,1.0,0.0,0.0,1.0,0.0,2.0
B0DLP55HCZ,1.0,0.0,0.0,1.0,0.0,2.0
B0DLN82WFD,1.0,0.0,0.0,1.0,0.0,2.0
B0DLGW384T,1.0,0.0,0.0,1.0,0.0,2.0
B0BD5DKTSV,1.0,0.0,0.0,1.0,0.0,2.0
B0BCL14B2W,1.0,0.0,0.0,1.0,0.0,2.0
B0B8ZN665H,2.0,0.0,0.0,0.0,0.0,2.0
B0B8ZKF6B6,2.0,0.0,0.0,0.0,0.0,2.0
B0CP17PN8H,2.0,0.0,0.0,0.0,0.0,2.0
B0CNVFR3RT,1.0,0.0,0.0,1.0,0.0,2.0
B0D95Z6BJ2,1.0,0.0,0.0,1.0,0.0,2.0
B0D95YDCV9,1.0,0.0,0.0,1.0,0.0,2.0
B0D95SK41T,1.0,0.0,0.0,1.0,0.0,2.0
B0D95DY5QR,2.0,0.0,0.0,0.0,0.0,2.0
B0D95CN6WH,2.0,0.0,0.0,0.0,0.0,2.0
B0D8W44V1D,1.0,0.0,0.0,1.0,0.0,2.0
B0D8TFQPCL,1.0,0.0,0.0,1.0,0.0,2.0
B0CMX7TTGW,1.0,0.0,0.0,1.0,0.0,2.0
B0CMRV3KWB,1.0,0.0,0.0,1.0,0.0,2.0
B0DBLX4FTT,1.0,0.0,0.0,1.0,0.0,2.0
B0DBLWQL1R,1.0,0.0,0.0,1.0,0.0,2.0
B0D9LQ7KD5,1.0,0.0,0.0,1.0,0.0,2.0
B0D97XYXVT,1.0,0.0,0.0,1.0,0.0,2.0
B0D97XX8Z4,1.0,0.0,0.0,1.0,0.0,2.0
B0CNTQGNNM,1.0,0.0,0.0,1.0,0.0,2.0
B0CNR4SN1Q,2.0,0.0,0.0,0.0,0.0,2.0
B0CNKT21Z5,1.0,0.0,0.0,1.0,0.0,2.0
B0CPPC89D9,1.0,0.0,0.0,1.0,0.0,2.0
B0CP44JVQF,1.0,0.0,0.0,1.0,0.0,2.0
B0B8Z8PDKF,2.0,0.0,0.0,0.0,0.0,2.0
B0B8NXSLNM,2.0,0.0,0.0,0.0,0.0,2.0
B0B8NTFRQT,2.0,0.0,0.0,0.0,0.0,2.0
B0DLG8TGS9,1.0,0.0,0.0,1.0,0.0,2.0
B0DLCXF946,2.0,0.0,0.0,0.0,0.0,2.0
B0DL2NSH8Z,1.0,0.0,0.0,1.0,0.0,2.0
B0DL2MFHX3,1.0,0.0,0.0,1.0,0.0,2.0
B0DL2DC5Z6,1.0,0.0,0.0,1.0,0.0,2.0
B0DKP53482,1.0,0.0,0.0,1.0,0.0,2.0
B0DKNVBD41,1.0,0.0,0.0,1.0,0.0,2.0
B0BQRVCR5S,1.0,0.0,0.0,1.0,0.0,2.0
B0BQRS2HZ7,1.0,0.0,0.0,1.0,0.0,2.0
B0BPGH5LY8,1.0,0.0,0.0,1.0,0.0,2.0
B0CMJKP1HM,1.0,0.0,0.0,1.0,0.0,2.0
B0CMJGC9HP,1.0,0.0,0.0,1.0,0.0,2.0
B0CM45HWHC,1.0,0.0,0.0,1.0,0.0,2.0
B0CLR55PGM,1.0,0.0,0.0,1.0,0.0,2.0
B0DCS7M6DQ,1.0,0.0,0.0,1.0,0.0,2.0
B0DCBZP92Z,1.0,0.0,0.0,1.0,0.0,2.0
B0DCBYCTJP,1.0,0.0,0.0,1.0,0.0,2.0
B0CN3GWSP4,1.0,0.0,0.0,1.0,0.0,2.0
B0CN14MGVF,1.0,0.0,0.0,1.0,0.0,2.0
B0CN12BMRW,1.0,0.0,0.0,1.0,0.0,2.0
B0CH9YRDCC,1.0,0.0,0.0,1.0,0.0,2.0
B0CGVP8NRC,1.0,0.0,0.0,1.0,0.0,2.0
B0DFMDRP6T,1.0,0.0,0.0,1.0,0.0,2.0
B0DFGTKDH4,1.0,0.0,0.0,1.0,0.0,2.0
B0DFGM3WL2,1.0,0.0,0.0,1.0,0.0,2.0
B0DFGG12MG,1.0,0.0,0.0,1.0,0.0,2.0
B0DDTCYLCP,1.0,0.0,0.0,1.0,0.0,2.0
B0DCZ4ZT4Q,1.0,0.0,0.0,1.0,0.0,2.0
B0CLQV32XM,1.0,0.0,0.0,1.0,0.0,2.0
B0CLLX5B1N,1.0,0.0,0.0,1.0,0.0,2.0
B0CKLT46MV,1.0,0.0,0.0,1.0,0.0,2.0
B0CMJL5QMK,1.0,0.0,0.0,1.0,0.0,2.0
B0DG2ZTY46,1.0,0.0,0.0,1.0,0.0,2.0
B0DG2Y8PXJ,1.0,0.0,0.0,1.0,0.0,2.0
B0DFPZXW3P,1.0,0.0,0.0,1.0,0.0,2.0
B0DFMG5W1B,1.0,0.0,0.0,1.0,0.0,2.0
B0CG91MG51,1.0,0.0,0.0,1.0,0.0,2.0
B0CG2G37LR,1.0,0.0,0.0,1.0,0.0,2.0
B0CFNVHPR8,2.0,0.0,0.0,0.0,0.0,2.0
B0CFGBKRMT,1.0,0.0,0.0,1.0,0.0,2.0
B0CF9W8XQC,1.0,0.0,0.0,1.0,0.0,2.0
B0CJP4TZBD,1.0,0.0,0.0,1.0,0.0,2.0
B0CJ9QCV68,1.0,0.0,0.0,1.0,0.0,2.0
B0BN67SBXK,2.0,0.0,0.0,0.0,0.0,2.0
B0BMLW1BTG,1.0,0.0,0.0,1.0,0.0,2.0
B0DKNSPTTS,1.0,0.0,0.0,1.0,0.0,2.0
B0DKNKWT9B,1.0,0.0,0.0,1.0,0.0,2.0
B0DKDT5XMD,1.0,0.0,0.0,1.0,0.0,2.0
B0DKDSXRBS,1.0,0.0,0.0,1.0,0.0,2.0
B0DKB8V6WS,1.0,0.0,0.0,1.0,0.0,2.0
B0DK4Q5BCF,1.0,0.0,0.0,1.0,0.0,2.0
B0DK4NKK7Y,1.0,0.0,0.0,1.0,0.0,2.0
B0DK3KZY9C,1.0,0.0,0.0,1.0,0.0,2.0
B0CDWGXHGC,1.0,0.0,0.0,1.0,0.0,2.0
B0CDRLC8D4,1.0,0.0,0.0,1.0,0.0,2.0
B0CDGQ7BX8,2.0,0.0,0.0,0.0,0.0,2.0
B0CDGNQH4G,2.0,0.0,0.0,0.0,0.0,2.0
B0CCYT8Q2X,1.0,0.0,0.0,1.0,0.0,2.0
B0CCYPD7MS,1.0,0.0,0.0,1.0,0.0,2.0
B0CC6CYHY6,1.0,0.0,0.0,1.0,0.0,2.0
B0CBRS5D4K,1.0,0.0,0.0,1.0,0.0,2.0
B0DH243L65,1.0,0.0,0.0,1.0,0.0,2.0
B0DGXZNN2F,1.0,0.0,0.0,1.0,0.0,2.0
B0DGXXTBLJ,1.0,0.0,0.0,1.0,0.0,2.0
B0DGXCJ5BW,1.0,0.0,0.0,1.0,0.0,2.0
B0DHZ76JGF,1.0,0.0,0.0,1.0,0.0,2.0
B0DHZ6LBT8,1.0,0.0,0.0,1.0,0.0,2.0
B0DHRZTPTQ,1.0,0.0,0.0,1.0,0.0,2.0
B0DHRTYLC7,1.0,0.0,0.0,1.0,0.0,2.0
B0DHRSYD7V,1.0,0.0,0.0,1.0,0.0,2.0
B0DHRQCB1G,1.0,0.0,0.0,1.0,0.0,2.0
B0DHGGKJFJ,1.0,0.0,0.0,1.0,0.0,2.0
B0C3LYJT6X,1.0,0.0,0.0,1.0,0.0,2.0
B0CB8YVK36,1.0,0.0,0.0,1.0,0.0,2.0
B0C8SG5ND3,1.0,0.0,0.0,1.0,0.0,2.0
B0C7KT6NGR,1.0,0.0,0.0,1.0,0.0,2.0
B0CF2PH6Z5,1.0,0.0,0.0,1.0,0.0,2.0
B0BWNCMTT9,1.0,0.0,0.0,1.0,0.0,2.0
B0BVZ65S6Y,1.0,0.0,0.0,1.0,0.0,2.0
B0BVZ62V6Z,1.0,0.0,0.0,1.0,0.0,2.0
B0DJQJ23Q4,1.0,0.0,0.0,1.0,0.0,2.0
B0DJQFBMY8,1.0,0.0,0.0,1.0,0.0,2.0
B0DJQDMYHD,1.0,0.0,0.0,1.0,0.0,2.0
B0DJD3S5GQ,1.0,0.0,0.0,1.0,0.0,2.0
B0DJ2XZHLZ,1.0,0.0,0.0,1.0,0.0,2.0
B0DJ114V4B,1.0,0.0,0.0,1.0,0.0,2.0
B0BZV2LKQX,1.0,0.0,0.0,1.0,0.0,2.0
B0BZJK1ZTY,1.0,0.0,0.0,1.0,0.0,2.0
B0BZ884CZ9,1.0,0.0,0.0,1.0,0.0,2.0
B07MTXWLRP,1.0,0.0,0.0,1.0,0.0,2.0
B0DQ9MD1K5,1.0,0.0,0.0,1.0,0.0,2.0
B0DQ45564Y,1.0,0.0,0.0,1.0,0.0,2.0
B07WHQDKVP,1.0,0.0,0.0,1.0,0.0,2.0
B07WDKKP6L,1.0,0.0,0.0,1.0,0.0,2.0
B07VZY57MP,1.0,0.0,0.0,1.0,0.0,2.0
B07RJ14MQY,1.0,0.0,0.0,1.0,0.0,2.0
B08FXRH82S,1.0,0.0,0.0,1.0,0.0,2.0
B08PCDP3LM,1.0,0.0,0.0,1.0,0.0,2.0
B08PCCM1GC,1.0,0.0,0.0,1.0,0.0,2.0
B08MZP4JSG,1.0,0.0,0.0,1.0,0.0,2.0
B08LS9T2Q6,1.0,0.0,0.0,1.0,0.0,2.0
B0CYYFJL9D,1.0,0.0,0.0,1.0,0.0,2.0
B0DSB4XGR8,2.0,0.0,0.0,0.0,0.0,2.0
B0DRYSQTBN,1.0,0.0,0.0,1.0,0.0,2.0
B0DRVGLDR9,1.0,0.0,0.0,1.0,0.0,2.0
B0DRJR3YRT,1.0,0.0,0.0,1.0,0.0,2.0
B0DRCZ7YL2,1.0,0.0,0.0,1.0,0.0,2.0
B0DRCX34LQ,1.0,0.0,0.0,1.0,0.0,2.0
B0DRC5MF1N,1.0,0.0,0.0,1.0,0.0,2.0
B0DR8X2Y1Z,1.0,0.0,0.0,1.0,0.0,2.0
B0DR8RHJ9T,1.0,0.0,0.0,1.0,0.0,2.0
B07NWR7QYQ,1.0,0.0,0.0,1.0,0.0,2.0
B07NWLZMGJ,1.0,0.0,0.0,1.0,0.0,2.0
B0DR8Q2TSB,1.0,0.0,0.0,0.0,0.0,1.0
B0DRD6HP66,1.0,0.0,0.0,0.0,0.0,1.0
B0CYT838NX,1.0,0.0,0.0,0.0,0.0,1.0
B0CYT9HFRF,1.0,0.0,0.0,0.0,0.0,1.0
B0866BJTL9,1.0,0.0,0.0,0.0,0.0,1.0
B08778JXCT,0.0,0.0,0.0,1.0,0.0,1.0
B07WGP3R5Z,1.0,0.0,0.0,0.0,0.0,1.0
B0DQDD94KN,1.0,0.0,0.0,0.0,0.0,1.0
B0BZRSGGWV,1.0,0.0,0.0,0.0,0.0,1.0
B0DHZZ67HX,0.0,0.0,0.0,1.0,0.0,1.0
B0DJ71YMXR,1.0,0.0,0.0,0.0,0.0,1.0
B0BW68WVK3,0.0,0.0,0.0,1.0,0.0,1.0
B0C6K9BCXF,1.0,0.0,0.0,0.0,0.0,1.0
B0CBDV7J57,0.0,0.0,0.0,1.0,0.0,1.0
B0CBDZ5NGK,1.0,0.0,0.0,0.0,0.0,1.0
B0BXSMBVJF,1.0,0.0,0.0,0.0,0.0,1.0
B0DG64L8QX,1.0,0.0,0.0,0.0,0.0,1.0
B0DG6DR296,1.0,0.0,0.0,0.0,0.0,1.0
B0DGXZK6LX,1.0,0.0,0.0,0.0,0.0,1.0
B0CCW6FBLS,0.0,0.0,0.0,1.0,0.0,1.0
B0DJW4XKNW,0.0,0.0,0.0,1.0,0.0,1.0
B0DK3R64PY,0.0,0.0,0.0,1.0,0.0,1.0
B0DKFNHRVQ,0.0,0.0,0.0,1.0,0.0,1.0
B0BJFBHBW9,0.0,0.0,0.0,1.0,0.0,1.0
B0BJFBW7T5,1.0,0.0,0.0,0.0,0.0,1.0
B0BLYSJHG3,0.0,0.0,0.0,1.0,0.0,1.0
B0CJ9QRVT7,1.0,0.0,0.0,0.0,0.0,1.0
B0DFMN3X6C,1.0,0.0,0.0,0.0,0.0,1.0
B0DFMP95HF,1.0,0.0,0.0,0.0,0.0,1.0
B0DFWQWSSC,1.0,0.0,0.0,0.0,0.0,1.0
B0DG64KMM6,1.0,0.0,0.0,0.0,0.0,1.0
B0CKLTZRX7,0.0,0.0,0.0,1.0,0.0,1.0
B0DFC9GZHN,0.0,0.0,0.0,1.0,0.0,1.0
B0DFGS5NFN,0.0,0.0,0.0,1.0,0.0,1.0
B0CHVBHCFS,1.0,0.0,0.0,0.0,0.0,1.0
B0CN12J4Y2,1.0,0.0,0.0,0.0,0.0,1.0
B0CN12K224,0.0,0.0,0.0,1.0,0.0,1.0
B0CN13CLQF,0.0,0.0,0.0,1.0,0.0,1.0
B0CN2TJYL6,0.0,0.0,0.0,1.0,0.0,1.0
B0DCC3FQJ3,0.0,0.0,0.0,1.0,0.0,1.0
B0CMBMGNF5,1.0,0.0,0.0,0.0,0.0,1.0
B0DKTJ22QN,1.0,0.0,0.0,0.0,0.0,1.0
B0DL48WY7G,1.0,0.0,0.0,0.0,0.0,1.0
B0DL8VX17R,1.0,0.0,0.0,0.0,0.0,1.0
B0CPPFD4RL,0.0,0.0,0.0,1.0,0.0,1.0
B0CPT9XDS7,1.0,0.0,0.0,0.0,0.0,1.0
B0CPXX5K3D,0.0,0.0,0.0,1.0,0.0,1.0
B0CMRRKV79,1.0,0.0,0.0,0.0,0.0,1.0
B0D8TDJ1DB,0.0,0.0,0.0,1.0,0.0,1.0
B0D8TDLW99,0.0,0.0,0.0,1.0,0.0,1.0
B0D8TFQZRD,0.0,0.0,0.0,1.0,0.0,1.0
B0D8TJKYQW,0.0,0.0,0.0,1.0,0.0,1.0
B0D8Y5VQRR,0.0,0.0,0.0,1.0,0.0,1.0
B0CP184K7G,1.0,0.0,0.0,0.0,0.0,1.0
B0CP18P9W7,1.0,0.0,0.0,0.0,0.0,1.0
B0DLGR3WYC,0.0,0.0,0.0,1.0,0.0,1.0
B0DLGVSDL8,0.0,0.0,0.0,1.0,0.0,1.0
B0CQJXXLQG,0.0,0.0,0.0,1.0,0.0,1.0
B0CQJY9JYT,0.0,0.0,0.0,1.0,0.0,1.0
B0D89ZJR78,0.0,0.0,0.0,1.0,0.0,1.0
B0D8BFFTNW,0.0,0.0,0.0,1.0,0.0,1.0
B0D8LH33XB,0.0,0.0,0.0,1.0,0.0,1.0
B0D8LJ2MZM,0.0,0.0,0.0,1.0,0.0,1.0
B0D8TCDJ97,0.0,0.0,0.0,1.0,0.0,1.0
B0D8TCWWMK,0.0,0.0,0.0,1.0,0.0,1.0
B0CQKDDCVK,1.0,0.0,0.0,0.0,0.0,1.0
B0CR16WJH9,0.0,0.0,0.0,1.0,0.0,1.0
B0CQ32CLZQ,0.0,0.0,0.0,1.0,0.0,1.0
B0D5YN21S1,1.0,0.0,0.0,0.0,0.0,1.0
B0D5YN35XL,1.0,0.0,0.0,0.0,0.0,1.0
B0CS3VWCC4,1.0,0.0,0.0,0.0,0.0,1.0
B0CT8QRFJ4,0.0,0.0,0.0,1.0,0.0,1.0
B0CT8S7NC8,0.0,0.0,0.0,1.0,0.0,1.0
B0B1PTV7ST,0.0,0.0,0.0,1.0,0.0,1.0
B0DMCZGN9M,0.0,0.0,0.0,1.0,0.0,1.0
B0CVQ6SYFK,0.0,0.0,0.0,1.0,0.0,1.0
B0CVQ7DDS3,0.0,0.0,0.0,1.0,0.0,1.0
B0CVX7S16Z,0.0,0.0,0.0,1.0,0.0,1.0
B0D4MFT832,0.0,0.0,0.0,1.0,0.0,1.0
B0D4TPXNNG,0.0,0.0,0.0,1.0,0.0,1.0
B0D54D58Q4,0.0,0.0,0.0,1.0,0.0,1.0
B0D5DC933P,0.0,0.0,0.0,1.0,0.0,1.0
B0D5RDYHSZ,0.0,0.0,0.0,1.0,0.0,1.0
B09Q4DRPZM,0.0,0.0,0.0,1.0,0.0,1.0
B0DNDTMWJY,0.0,0.0,0.0,1.0,0.0,1.0
B0DNF2251L,0.0,0.0,0.0,1.0,0.0,1.0
B0DNK43C2P,1.0,0.0,0.0,0.0,0.0,1.0
B0DNYZ58R1,1.0,0.0,0.0,0.0,0.0,1.0
B0DNZ1Y4LG,1.0,0.0,0.0,0.0,0.0,1.0
B09775ZTJ5,0.0,0.0,0.0,1.0,0.0,1.0
B0CXJ9XSVZ,0.0,0.0,0.0,1.0,0.0,1.0
B0D3F61948,0.0,0.0,0.0,1.0,0.0,1.0
B0D3F7HQSS,0.0,0.0,0.0,1.0,0.0,1.0
B0CTMM8S86,0.0,0.0,0.0,1.0,0.0,1.0
B0CV7XZZNG,0.0,0.0,0.0,1.0,0.0,1.0
B0CYCGR52W,1.0,0.0,0.0,0.0,0.0,1.0
B0D1VKLSDM,0.0,0.0,0.0,1.0,0.0,1.0
B0D2QFYJTQ,0.0,0.0,0.0,1.0,0.0,1.0
B0D2RQ8R19,0.0,0.0,0.0,1.0,0.0,1.0
B0D2RTDNLB,0.0,0.0,0.0,1.0,0.0,1.0
B0CW1TXB19,1.0,0.0,0.0,0.0,0.0,1.0
B0CZTTDTC7,0.0,0.0,0.0,1.0,0.0,1.0
B0CZXTB5M6,0.0,0.0,0.0,1.0,0.0,1.0
B0CXJDX8XY,0.0,0.0,0.0,1.0,0.0,1.0
B0CXTCNJM7,1.0,0.0,0.0,0.0,0.0,1.0
B0DPHBX2Q9,1.0,0.0,0.0,0.0,0.0,1.0
B08QXJNJ3Q,0.0,0.0,0.0,1.0,0.0,1.0
B08QXQK357,0.0,0.0,0.0,1.0,0.0,1.0
B08VNWR1MR,0.0,0.0,0.0,1.0,0.0,1.0
B0948CVYTX,0.0,0.0,0.0,1.0,0.0,1.0
